initial_branch,trial_id,stage_id,load_shedding_trigger,load_shedding_trigger_reason,max_line_loading_pu_before_shed,min_voltage_pu_before_shed,max_voltage_pu_before_shed,trigger_mode,load_shedding_mode,ols_status,objective_load_shed_mw,total_load_shed_mw,corrective_load_shed_mw,island_load_shed_mw,converged_after_shed,opf_success,pf_success_after_apply,num_shed_buses,max_bus_shed_mw,message
1,1,1,0,none,1.11378700057911,0.970104893641862,1.0375611031401,nonconverged_only,none,not_needed,0,0,0,0,1,0,1,0,0,潮流已收敛，无需切负荷。
1,1,2,0,none,1.3001732065106,0.956039406580139,1.02979281153721,nonconverged_only,none,not_needed,0,0,0,0,1,0,1,0,0,潮流已收敛，无需切负荷。
1,1,3,0,none,1.13463463350224,0.908713543098492,1.0576827,nonconverged_only,none,not_needed,0,852.5,0,852.5,1,0,1,0,0,潮流已收敛，无需切负荷。
1,1,4,1,nonconverged_powerflow,NaN,7.3827068768767e-06,6.12073798017669,nonconverged_only,simple,simple_applied,539.253,1400.953,539.253,861.7,1,0,1,NaN,NaN,使用原simple_load_shedding工程简化切负荷。
1,1,5,1,nonconverged_powerflow,NaN,0.982,1.19314275916005,nonconverged_only,simple,simple_applied,636.19155,2649.14455,636.19155,2012.953,1,0,1,NaN,NaN,使用原simple_load_shedding工程简化切负荷。
1,2,1,0,none,1.11378700057911,0.970104893641862,1.0375611031401,nonconverged_only,none,not_needed,0,0,0,0,1,0,1,0,0,潮流已收敛，无需切负荷。
1,2,2,0,none,1.3001732065106,0.956039406580139,1.02979281153721,nonconverged_only,none,not_needed,0,0,0,0,1,0,1,0,0,潮流已收敛，无需切负荷。
1,2,3,0,none,1.13463463350224,0.908713543098492,1.0576827,nonconverged_only,none,not_needed,0,852.5,0,852.5,1,0,1,0,0,潮流已收敛，无需切负荷。
1,2,4,1,nonconverged_powerflow,NaN,7.3827068768767e-06,6.12073798017669,nonconverged_only,simple,simple_applied,539.253,1400.953,539.253,861.7,1,0,1,NaN,NaN,使用原simple_load_shedding工程简化切负荷。
1,2,5,0,none,2.03463053642409,0.860683711182751,1.0576827,nonconverged_only,none,not_needed,0,2482.393,0,2482.393,1,0,1,0,0,潮流已收敛，无需切负荷。
1,3,1,0,none,1.11378700057911,0.970104893641862,1.0375611031401,nonconverged_only,none,not_needed,0,0,0,0,1,0,1,0,0,潮流已收敛，无需切负荷。
1,4,1,0,none,1.11378700057911,0.970104893641862,1.0375611031401,nonconverged_only,none,not_needed,0,0,0,0,1,0,1,0,0,潮流已收敛，无需切负荷。
1,5,1,0,none,1.11378700057911,0.970104893641862,1.0375611031401,nonconverged_only,none,not_needed,0,0,0,0,1,0,1,0,0,潮流已收敛，无需切负荷。
2,1,1,0,none,0.955033810314675,0.976796372877981,1.03822404750302,nonconverged_only,none,not_needed,0,0,0,0,1,0,1,0,0,潮流已收敛，无需切负荷。
2,2,1,0,none,0.955033810314675,0.976796372877981,1.03822404750302,nonconverged_only,none,not_needed,0,0,0,0,1,0,1,0,0,潮流已收敛，无需切负荷。
2,2,2,0,none,1.153491094287,0.965229313772747,1.03207169226438,nonconverged_only,none,not_needed,0,0,0,0,1,0,1,0,0,潮流已收敛，无需切负荷。
2,2,3,0,none,1.05116595289462,0.924900545544139,1.0576827,nonconverged_only,none,not_needed,0,950.1,0,950.1,1,0,1,0,0,潮流已收敛，无需切负荷。
2,2,4,1,nonconverged_powerflow,NaN,7.3827068768767e-06,6.12073798017669,nonconverged_only,simple,simple_applied,529.493,1488.793,529.493,959.3,1,0,1,NaN,NaN,使用原simple_load_shedding工程简化切负荷。
2,2,5,0,none,2.10925640621352,0.819543619776554,1.0576827,nonconverged_only,none,not_needed,0,2488.243,0,2488.243,1,0,1,0,0,潮流已收敛，无需切负荷。
2,3,1,0,none,0.955033810314675,0.976796372877981,1.03822404750302,nonconverged_only,none,not_needed,0,0,0,0,1,0,1,0,0,潮流已收敛，无需切负荷。
2,4,1,0,none,0.955033810314675,0.976796372877981,1.03822404750302,nonconverged_only,none,not_needed,0,0,0,0,1,0,1,0,0,潮流已收敛，无需切负荷。
2,5,1,0,none,0.955033810314675,0.976796372877981,1.03822404750302,nonconverged_only,none,not_needed,0,0,0,0,1,0,1,0,0,潮流已收敛，无需切负荷。
3,1,1,0,none,0.80295157398254,0.977302393944421,1.03591924219648,nonconverged_only,none,not_needed,0,0,0,0,1,0,1,0,0,潮流已收敛，无需切负荷。
3,2,1,0,none,0.80295157398254,0.977302393944421,1.03591924219648,nonconverged_only,none,not_needed,0,0,0,0,1,0,1,0,0,潮流已收敛，无需切负荷。
3,3,1,0,none,0.80295157398254,0.977302393944421,1.03591924219648,nonconverged_only,none,not_needed,0,0,0,0,1,0,1,0,0,潮流已收敛，无需切负荷。
3,4,1,0,none,0.80295157398254,0.977302393944421,1.03591924219648,nonconverged_only,none,not_needed,0,0,0,0,1,0,1,0,0,潮流已收敛，无需切负荷。
3,5,1,0,none,0.80295157398254,0.977302393944421,1.03591924219648,nonconverged_only,none,not_needed,0,0,0,0,1,0,1,0,0,潮流已收敛，无需切负荷。
4,1,1,0,none,0.791869196582766,0.978848557265166,1.03813779655975,nonconverged_only,none,not_needed,0,0,0,0,1,0,1,0,0,潮流已收敛，无需切负荷。
4,2,1,0,none,0.791869196582766,0.978848557265166,1.03813779655975,nonconverged_only,none,not_needed,0,0,0,0,1,0,1,0,0,潮流已收敛，无需切负荷。
4,3,1,0,none,0.791869196582766,0.978848557265166,1.03813779655975,nonconverged_only,none,not_needed,0,0,0,0,1,0,1,0,0,潮流已收敛，无需切负荷。
4,4,1,0,none,0.791869196582766,0.978848557265166,1.03813779655975,nonconverged_only,none,not_needed,0,0,0,0,1,0,1,0,0,潮流已收敛，无需切负荷。
4,5,1,0,none,0.791869196582766,0.978848557265166,1.03813779655975,nonconverged_only,none,not_needed,0,0,0,0,1,0,1,0,0,潮流已收敛，无需切负荷。
5,1,1,0,none,0.831927425426279,0.96314083996954,1.0499,nonconverged_only,none,not_needed,0,0,0,0,1,0,1,0,0,潮流已收敛，无需切负荷。
5,2,1,0,none,0.831927425426279,0.96314083996954,1.0499,nonconverged_only,none,not_needed,0,0,0,0,1,0,1,0,0,潮流已收敛，无需切负荷。
5,3,1,0,none,0.831927425426279,0.96314083996954,1.0499,nonconverged_only,none,not_needed,0,0,0,0,1,0,1,0,0,潮流已收敛，无需切负荷。
5,4,1,0,none,0.831927425426279,0.96314083996954,1.0499,nonconverged_only,none,not_needed,0,0,0,0,1,0,1,0,0,潮流已收敛，无需切负荷。
5,5,1,0,none,0.831927425426279,0.96314083996954,1.0499,nonconverged_only,none,not_needed,0,0,0,0,1,0,1,0,0,潮流已收敛，无需切负荷。
6,1,1,0,none,0.789596400817363,0.973640081888651,1.03862474565336,nonconverged_only,none,not_needed,0,0,0,0,1,0,1,0,0,潮流已收敛，无需切负荷。
6,2,1,0,none,0.789596400817363,0.973640081888651,1.03862474565336,nonconverged_only,none,not_needed,0,0,0,0,1,0,1,0,0,潮流已收敛，无需切负荷。
6,3,1,0,none,0.789596400817363,0.973640081888651,1.03862474565336,nonconverged_only,none,not_needed,0,0,0,0,1,0,1,0,0,潮流已收敛，无需切负荷。
6,4,1,0,none,0.789596400817363,0.973640081888651,1.03862474565336,nonconverged_only,none,not_needed,0,0,0,0,1,0,1,0,0,潮流已收敛，无需切负荷。
6,5,1,0,none,0.789596400817363,0.973640081888651,1.03862474565336,nonconverged_only,none,not_needed,0,0,0,0,1,0,1,0,0,潮流已收敛，无需切负荷。
7,1,1,0,none,0.790734340571356,0.978980446141779,1.03837936971455,nonconverged_only,none,not_needed,0,0,0,0,1,0,1,0,0,潮流已收敛，无需切负荷。
7,2,1,0,none,0.790734340571356,0.978980446141779,1.03837936971455,nonconverged_only,none,not_needed,0,0,0,0,1,0,1,0,0,潮流已收敛，无需切负荷。
7,3,1,0,none,0.790734340571356,0.978980446141779,1.03837936971455,nonconverged_only,none,not_needed,0,0,0,0,1,0,1,0,0,潮流已收敛，无需切负荷。
7,4,1,0,none,0.790734340571356,0.978980446141779,1.03837936971455,nonconverged_only,none,not_needed,0,0,0,0,1,0,1,0,0,潮流已收敛，无需切负荷。
7,5,1,0,none,0.790734340571356,0.978980446141779,1.03837936971455,nonconverged_only,none,not_needed,0,0,0,0,1,0,1,0,0,潮流已收敛，无需切负荷。
8,1,1,0,none,0.951410317781808,0.973955631000778,1.03732810872274,nonconverged_only,none,not_needed,0,0,0,0,1,0,1,0,0,潮流已收敛，无需切负荷。
8,2,1,0,none,0.951410317781808,0.973955631000778,1.03732810872274,nonconverged_only,none,not_needed,0,0,0,0,1,0,1,0,0,潮流已收敛，无需切负荷。
8,2,2,0,none,1.67694487613538,0.929637223226514,1.03132981470618,nonconverged_only,none,not_needed,0,0,0,0,1,0,1,0,0,潮流已收敛，无需切负荷。
8,2,3,1,nonconverged_powerflow,NaN,0.0294859886617631,10.7772573125456,nonconverged_only,simple,simple_applied,312.285,320.815,312.285,8.53,1,0,1,NaN,NaN,使用原simple_load_shedding工程简化切负荷。
8,2,4,1,nonconverged_powerflow,NaN,0.0495058900808571,1.0576827,nonconverged_only,simple,simple_applied,655.8135,4723.9985,655.8135,4068.185,0,0,0,NaN,NaN,使用原simple_load_shedding工程简化切负荷。
8,3,1,0,none,0.951410317781808,0.973955631000778,1.03732810872274,nonconverged_only,none,not_needed,0,0,0,0,1,0,1,0,0,潮流已收敛，无需切负荷。
8,4,1,0,none,0.951410317781808,0.973955631000778,1.03732810872274,nonconverged_only,none,not_needed,0,0,0,0,1,0,1,0,0,潮流已收敛，无需切负荷。
8,5,1,0,none,0.951410317781808,0.973955631000778,1.03732810872274,nonconverged_only,none,not_needed,0,0,0,0,1,0,1,0,0,潮流已收敛，无需切负荷。
9,1,1,0,none,0.882543862252867,0.973354358544748,1.03885074058456,nonconverged_only,none,not_needed,0,0,0,0,1,0,1,0,0,潮流已收敛，无需切负荷。
9,2,1,0,none,0.882543862252867,0.973354358544748,1.03885074058456,nonconverged_only,none,not_needed,0,0,0,0,1,0,1,0,0,潮流已收敛，无需切负荷。
9,3,1,0,none,0.882543862252867,0.973354358544748,1.03885074058456,nonconverged_only,none,not_needed,0,0,0,0,1,0,1,0,0,潮流已收敛，无需切负荷。
9,3,2,0,none,1.19253872478016,0.952770444879827,1.03537394397263,nonconverged_only,none,not_needed,0,0,0,0,1,0,1,0,0,潮流已收敛，无需切负荷。
9,3,3,0,none,1.12600645500722,0.88932821535507,1.0636,nonconverged_only,none,not_needed,0,2167.63,0,2167.63,1,0,1,0,0,潮流已收敛，无需切负荷。
9,4,1,0,none,0.882543862252867,0.973354358544748,1.03885074058456,nonconverged_only,none,not_needed,0,0,0,0,1,0,1,0,0,潮流已收敛，无需切负荷。
9,5,1,0,none,0.882543862252867,0.973354358544748,1.03885074058456,nonconverged_only,none,not_needed,0,0,0,0,1,0,1,0,0,潮流已收敛，无需切负荷。
10,1,1,0,none,1.10158865998546,0.970388166079214,1.03716758501047,nonconverged_only,none,not_needed,0,0,0,0,1,0,1,0,0,潮流已收敛，无需切负荷。
10,1,2,0,none,1.47905796637971,0.948758819040691,1.03377764481189,nonconverged_only,none,not_needed,0,0,0,0,1,0,1,0,0,潮流已收敛，无需切负荷。
10,1,3,1,nonconverged_powerflow,NaN,0.00635208104803743,1,nonconverged_only,simple,simple_applied,903.0645,1136.8645,903.0645,233.8,1,0,1,NaN,NaN,使用原simple_load_shedding工程简化切负荷。
10,1,4,0,none,1.05999396389428,0.930560409239942,1.0325208895281,nonconverged_only,none,not_needed,0,1136.8645,0,1136.8645,1,0,1,0,0,潮流已收敛，无需切负荷。
10,2,1,0,none,1.10158865998546,0.970388166079214,1.03716758501047,nonconverged_only,none,not_needed,0,0,0,0,1,0,1,0,0,潮流已收敛，无需切负荷。
10,2,2,0,none,2.73881024562463,0.817463284443753,1.02193736691198,nonconverged_only,none,not_needed,0,0,0,0,1,0,1,0,0,潮流已收敛，无需切负荷。
10,2,3,1,nonconverged_powerflow,NaN,0.123930760586836,1.40781248720245,nonconverged_only,simple,simple_applied,1247.3,1265.03,1247.3,17.73,1,0,1,NaN,NaN,使用原simple_load_shedding工程简化切负荷。
10,3,1,0,none,1.10158865998546,0.970388166079214,1.03716758501047,nonconverged_only,none,not_needed,0,0,0,0,1,0,1,0,0,潮流已收敛，无需切负荷。
10,3,2,0,none,2.73881024562463,0.817463284443753,1.02193736691198,nonconverged_only,none,not_needed,0,0,0,0,1,0,1,0,0,潮流已收敛，无需切负荷。
10,3,3,1,nonconverged_powerflow,NaN,0.123930760586836,1.40781248720245,nonconverged_only,simple,simple_applied,1247.3,1265.03,1247.3,17.73,1,0,1,NaN,NaN,使用原simple_load_shedding工程简化切负荷。
10,4,1,0,none,1.10158865998546,0.970388166079214,1.03716758501047,nonconverged_only,none,not_needed,0,0,0,0,1,0,1,0,0,潮流已收敛，无需切负荷。
10,5,1,0,none,1.10158865998546,0.970388166079214,1.03716758501047,nonconverged_only,none,not_needed,0,0,0,0,1,0,1,0,0,潮流已收敛，无需切负荷。
11,1,1,0,none,1.01435490422178,0.966566648538363,1.03845150516389,nonconverged_only,none,not_needed,0,0,0,0,1,0,1,0,0,潮流已收敛，无需切负荷。
11,2,1,0,none,1.01435490422178,0.966566648538363,1.03845150516389,nonconverged_only,none,not_needed,0,0,0,0,1,0,1,0,0,潮流已收敛，无需切负荷。
11,2,2,1,nonconverged_powerflow,NaN,0.219055728507662,1.01382002195498,nonconverged_only,simple,simple_applied,1563.5575,1563.5575,1563.5575,0,1,0,1,NaN,NaN,使用原simple_load_shedding工程简化切负荷。
11,2,3,0,none,1.32152260759824,0.99101054,1.0501068,nonconverged_only,none,not_needed,0,3546.4825,0,3546.4825,1,0,1,0,0,潮流已收敛，无需切负荷。
11,3,1,0,none,1.01435490422178,0.966566648538363,1.03845150516389,nonconverged_only,none,not_needed,0,0,0,0,1,0,1,0,0,潮流已收敛，无需切负荷。
11,4,1,0,none,1.01435490422178,0.966566648538363,1.03845150516389,nonconverged_only,none,not_needed,0,0,0,0,1,0,1,0,0,潮流已收敛，无需切负荷。
11,5,1,0,none,1.01435490422178,0.966566648538363,1.03845150516389,nonconverged_only,none,not_needed,0,0,0,0,1,0,1,0,0,潮流已收敛，无需切负荷。
12,1,1,0,none,1.00892421380618,0.954585714939813,1.03800290314546,nonconverged_only,none,not_needed,0,0,0,0,1,0,1,0,0,潮流已收敛，无需切负荷。
12,1,2,1,nonconverged_powerflow,NaN,0.219055728507662,1.01382002195498,nonconverged_only,simple,simple_applied,1563.5575,1563.5575,1563.5575,0,1,0,1,NaN,NaN,使用原simple_load_shedding工程简化切负荷。
12,1,3,0,none,2.15427112595459,0.915192030405716,1.0393836,nonconverged_only,none,not_needed,0,3036.4825,0,3036.4825,1,0,1,0,0,潮流已收敛，无需切负荷。
12,2,1,0,none,1.00892421380618,0.954585714939813,1.03800290314546,nonconverged_only,none,not_needed,0,0,0,0,1,0,1,0,0,潮流已收敛，无需切负荷。
12,3,1,0,none,1.00892421380618,0.954585714939813,1.03800290314546,nonconverged_only,none,not_needed,0,0,0,0,1,0,1,0,0,潮流已收敛，无需切负荷。
12,4,1,0,none,1.00892421380618,0.954585714939813,1.03800290314546,nonconverged_only,none,not_needed,0,0,0,0,1,0,1,0,0,潮流已收敛，无需切负荷。
12,5,1,0,none,1.00892421380618,0.954585714939813,1.03800290314546,nonconverged_only,none,not_needed,0,0,0,0,1,0,1,0,0,潮流已收敛，无需切负荷。
13,1,1,0,none,1.00771303352027,0.974204323153459,1.03824586117459,nonconverged_only,none,not_needed,0,0,0,0,1,0,1,0,0,潮流已收敛，无需切负荷。
13,2,1,0,none,1.00771303352027,0.974204323153459,1.03824586117459,nonconverged_only,none,not_needed,0,0,0,0,1,0,1,0,0,潮流已收敛，无需切负荷。
13,3,1,0,none,1.00771303352027,0.974204323153459,1.03824586117459,nonconverged_only,none,not_needed,0,0,0,0,1,0,1,0,0,潮流已收敛，无需切负荷。
13,3,2,0,none,1.34414722933376,0.87925177178608,1.03072667562401,nonconverged_only,none,not_needed,0,0,0,0,1,0,1,0,0,潮流已收敛，无需切负荷。
13,3,3,0,none,0.990717146521091,0.915376220767959,1.0359370575387,nonconverged_only,none,not_needed,0,8.53,0,8.53,1,0,1,0,0,潮流已收敛，无需切负荷。
13,4,1,0,none,1.00771303352027,0.974204323153459,1.03824586117459,nonconverged_only,none,not_needed,0,0,0,0,1,0,1,0,0,潮流已收敛，无需切负荷。
13,5,1,0,none,1.00771303352027,0.974204323153459,1.03824586117459,nonconverged_only,none,not_needed,0,0,0,0,1,0,1,0,0,潮流已收敛，无需切负荷。
14,1,1,0,none,1.28135452108319,0.956255961442489,1.03600532873102,nonconverged_only,none,not_needed,0,9.2,0,9.2,1,0,1,0,0,潮流已收敛，无需切负荷。
14,1,2,0,none,1.14531964364949,0.921889668176101,1.02786388522345,nonconverged_only,none,not_needed,0,9.2,0,9.2,1,0,1,0,0,潮流已收敛，无需切负荷。
14,2,1,0,none,1.28135452108319,0.956255961442489,1.03600532873102,nonconverged_only,none,not_needed,0,9.2,0,9.2,1,0,1,0,0,潮流已收敛，无需切负荷。
14,2,2,0,none,1.14531964364949,0.921889668176101,1.02786388522345,nonconverged_only,none,not_needed,0,9.2,0,9.2,1,0,1,0,0,潮流已收敛，无需切负荷。
14,2,3,1,nonconverged_powerflow,NaN,7.3827068768767e-06,6.12073798017669,nonconverged_only,simple,simple_applied,561.653,1199.353,561.653,637.7,1,0,1,NaN,NaN,使用原simple_load_shedding工程简化切负荷。
14,2,4,0,none,2.03463053642409,0.860683711182751,1.0576827,nonconverged_only,none,not_needed,0,2482.393,0,2482.393,1,0,1,0,0,潮流已收敛，无需切负荷。
14,3,1,0,none,1.28135452108319,0.956255961442489,1.03600532873102,nonconverged_only,none,not_needed,0,9.2,0,9.2,1,0,1,0,0,潮流已收敛，无需切负荷。
14,3,2,0,none,1.14531964364949,0.921889668176101,1.02786388522345,nonconverged_only,none,not_needed,0,9.2,0,9.2,1,0,1,0,0,潮流已收敛，无需切负荷。
14,3,3,1,nonconverged_powerflow,NaN,7.3827068768767e-06,6.12073798017669,nonconverged_only,simple,simple_applied,624.503,633.703,624.503,9.2,1,0,1,NaN,NaN,使用原simple_load_shedding工程简化切负荷。
14,3,4,0,none,1.08150560389198,0.885766885486398,1.0576827,nonconverged_only,none,not_needed,0,1400.953,0,1400.953,1,0,1,0,0,潮流已收敛，无需切负荷。
14,4,1,0,none,1.28135452108319,0.956255961442489,1.03600532873102,nonconverged_only,none,not_needed,0,9.2,0,9.2,1,0,1,0,0,潮流已收敛，无需切负荷。
14,4,2,0,none,1.14531964364949,0.921889668176101,1.02786388522345,nonconverged_only,none,not_needed,0,9.2,0,9.2,1,0,1,0,0,潮流已收敛，无需切负荷。
14,4,3,1,nonconverged_powerflow,NaN,7.3827068768767e-06,6.12073798017669,nonconverged_only,simple,simple_applied,561.653,1199.353,561.653,637.7,1,0,1,NaN,NaN,使用原simple_load_shedding工程简化切负荷。
14,4,4,0,none,1.08150560389198,0.885766885486398,1.0576827,nonconverged_only,none,not_needed,0,1400.953,0,1400.953,1,0,1,0,0,潮流已收敛，无需切负荷。
14,4,5,0,none,2.03463053642409,0.860683711182751,1.0576827,nonconverged_only,none,not_needed,0,2482.393,0,2482.393,1,0,1,0,0,潮流已收敛，无需切负荷。
14,5,1,0,none,1.28135452108319,0.956255961442489,1.03600532873102,nonconverged_only,none,not_needed,0,9.2,0,9.2,1,0,1,0,0,潮流已收敛，无需切负荷。
14,5,2,0,none,1.14531964364949,0.921889668176101,1.02786388522345,nonconverged_only,none,not_needed,0,9.2,0,9.2,1,0,1,0,0,潮流已收敛，无需切负荷。
14,5,3,1,nonconverged_powerflow,NaN,7.3827068768767e-06,6.12073798017669,nonconverged_only,simple,simple_applied,624.503,633.703,624.503,9.2,1,0,1,NaN,NaN,使用原simple_load_shedding工程简化切负荷。
14,5,4,0,none,2.10925640621352,0.819543619776554,1.0576827,nonconverged_only,none,not_needed,0,2488.243,0,2488.243,1,0,1,0,0,潮流已收敛，无需切负荷。
15,1,1,0,none,0.790404978128304,0.976605995251185,1.03845006047846,nonconverged_only,none,not_needed,0,0,0,0,1,0,1,0,0,潮流已收敛，无需切负荷。
15,2,1,0,none,0.790404978128304,0.976605995251185,1.03845006047846,nonconverged_only,none,not_needed,0,0,0,0,1,0,1,0,0,潮流已收敛，无需切负荷。
15,3,1,0,none,0.790404978128304,0.976605995251185,1.03845006047846,nonconverged_only,none,not_needed,0,0,0,0,1,0,1,0,0,潮流已收敛，无需切负荷。
15,4,1,0,none,0.790404978128304,0.976605995251185,1.03845006047846,nonconverged_only,none,not_needed,0,0,0,0,1,0,1,0,0,潮流已收敛，无需切负荷。
15,5,1,0,none,0.790404978128304,0.976605995251185,1.03845006047846,nonconverged_only,none,not_needed,0,0,0,0,1,0,1,0,0,潮流已收敛，无需切负荷。
16,1,1,0,none,0.795202174308459,0.966192281976219,1.03744518905229,nonconverged_only,none,not_needed,0,0,0,0,1,0,1,0,0,潮流已收敛，无需切负荷。
16,2,1,0,none,0.795202174308459,0.966192281976219,1.03744518905229,nonconverged_only,none,not_needed,0,0,0,0,1,0,1,0,0,潮流已收敛，无需切负荷。
16,3,1,0,none,0.795202174308459,0.966192281976219,1.03744518905229,nonconverged_only,none,not_needed,0,0,0,0,1,0,1,0,0,潮流已收敛，无需切负荷。
16,4,1,0,none,0.795202174308459,0.966192281976219,1.03744518905229,nonconverged_only,none,not_needed,0,0,0,0,1,0,1,0,0,潮流已收敛，无需切负荷。
16,5,1,0,none,0.795202174308459,0.966192281976219,1.03744518905229,nonconverged_only,none,not_needed,0,0,0,0,1,0,1,0,0,潮流已收敛，无需切负荷。
17,1,1,0,none,0.790064009220173,0.979059148070676,1.03852352398537,nonconverged_only,none,not_needed,0,0,0,0,1,0,1,0,0,潮流已收敛，无需切负荷。
17,2,1,0,none,0.790064009220173,0.979059148070676,1.03852352398537,nonconverged_only,none,not_needed,0,0,0,0,1,0,1,0,0,潮流已收敛，无需切负荷。
17,3,1,0,none,0.790064009220173,0.979059148070676,1.03852352398537,nonconverged_only,none,not_needed,0,0,0,0,1,0,1,0,0,潮流已收敛，无需切负荷。
17,4,1,0,none,0.790064009220173,0.979059148070676,1.03852352398537,nonconverged_only,none,not_needed,0,0,0,0,1,0,1,0,0,潮流已收敛，无需切负荷。
17,5,1,0,none,0.790064009220173,0.979059148070676,1.03852352398537,nonconverged_only,none,not_needed,0,0,0,0,1,0,1,0,0,潮流已收敛，无需切负荷。
18,1,1,0,none,1.05488689232023,0.973793615443701,1.03836064658231,nonconverged_only,none,not_needed,0,0,0,0,1,0,1,0,0,潮流已收敛，无需切负荷。
18,1,2,0,none,0.990472933973341,0.915223140501903,1.03170282162654,nonconverged_only,none,not_needed,0,0,0,0,1,0,1,0,0,潮流已收敛，无需切负荷。
18,2,1,0,none,1.05488689232023,0.973793615443701,1.03836064658231,nonconverged_only,none,not_needed,0,0,0,0,1,0,1,0,0,潮流已收敛，无需切负荷。
18,2,2,0,none,0.990472933973341,0.915223140501903,1.03170282162654,nonconverged_only,none,not_needed,0,0,0,0,1,0,1,0,0,潮流已收敛，无需切负荷。
18,3,1,0,none,1.05488689232023,0.973793615443701,1.03836064658231,nonconverged_only,none,not_needed,0,0,0,0,1,0,1,0,0,潮流已收敛，无需切负荷。
18,3,2,0,none,0.990472933973341,0.915223140501903,1.03170282162654,nonconverged_only,none,not_needed,0,0,0,0,1,0,1,0,0,潮流已收敛，无需切负荷。
18,4,1,0,none,1.05488689232023,0.973793615443701,1.03836064658231,nonconverged_only,none,not_needed,0,0,0,0,1,0,1,0,0,潮流已收敛，无需切负荷。
18,5,1,0,none,1.05488689232023,0.973793615443701,1.03836064658231,nonconverged_only,none,not_needed,0,0,0,0,1,0,1,0,0,潮流已收敛，无需切负荷。
19,1,1,0,none,1.0633867263054,0.977299469967658,1.03684557087594,nonconverged_only,none,not_needed,0,0,0,0,1,0,1,0,0,潮流已收敛，无需切负荷。
19,2,1,0,none,1.0633867263054,0.977299469967658,1.03684557087594,nonconverged_only,none,not_needed,0,0,0,0,1,0,1,0,0,潮流已收敛，无需切负荷。
19,2,2,0,none,1.34414722933376,0.87925177178608,1.03072667562401,nonconverged_only,none,not_needed,0,0,0,0,1,0,1,0,0,潮流已收敛，无需切负荷。
19,2,3,0,none,0.974922304854956,0.928866823228045,1.03332648487114,nonconverged_only,none,not_needed,0,8.53,0,8.53,1,0,1,0,0,潮流已收敛，无需切负荷。
19,3,1,0,none,1.0633867263054,0.977299469967658,1.03684557087594,nonconverged_only,none,not_needed,0,0,0,0,1,0,1,0,0,潮流已收敛，无需切负荷。
19,4,1,0,none,1.0633867263054,0.977299469967658,1.03684557087594,nonconverged_only,none,not_needed,0,0,0,0,1,0,1,0,0,潮流已收敛，无需切负荷。
19,5,1,0,none,1.0633867263054,0.977299469967658,1.03684557087594,nonconverged_only,none,not_needed,0,0,0,0,1,0,1,0,0,潮流已收敛，无需切负荷。
20,1,1,0,none,0.982313938054614,0.920628133435247,1.03194889845948,nonconverged_only,none,not_needed,0,0,0,0,1,0,1,0,0,潮流已收敛，无需切负荷。
20,2,1,0,none,0.982313938054614,0.920628133435247,1.03194889845948,nonconverged_only,none,not_needed,0,0,0,0,1,0,1,0,0,潮流已收敛，无需切负荷。
20,3,1,0,none,0.982313938054614,0.920628133435247,1.03194889845948,nonconverged_only,none,not_needed,0,0,0,0,1,0,1,0,0,潮流已收敛，无需切负荷。
20,4,1,0,none,0.982313938054614,0.920628133435247,1.03194889845948,nonconverged_only,none,not_needed,0,0,0,0,1,0,1,0,0,潮流已收敛，无需切负荷。
20,5,1,0,none,0.982313938054614,0.920628133435247,1.03194889845948,nonconverged_only,none,not_needed,0,0,0,0,1,0,1,0,0,潮流已收敛，无需切负荷。
21,1,1,0,none,0.789847106780974,0.970771587200931,1.03857040761007,nonconverged_only,none,not_needed,0,0,0,0,1,0,1,0,0,潮流已收敛，无需切负荷。
21,2,1,0,none,0.789847106780974,0.970771587200931,1.03857040761007,nonconverged_only,none,not_needed,0,0,0,0,1,0,1,0,0,潮流已收敛，无需切负荷。
21,3,1,0,none,0.789847106780974,0.970771587200931,1.03857040761007,nonconverged_only,none,not_needed,0,0,0,0,1,0,1,0,0,潮流已收敛，无需切负荷。
21,4,1,0,none,0.789847106780974,0.970771587200931,1.03857040761007,nonconverged_only,none,not_needed,0,0,0,0,1,0,1,0,0,潮流已收敛，无需切负荷。
21,5,1,0,none,0.789847106780974,0.970771587200931,1.03857040761007,nonconverged_only,none,not_needed,0,0,0,0,1,0,1,0,0,潮流已收敛，无需切负荷。
22,1,1,0,none,0.788982576858355,0.970789422700879,1.0387584646356,nonconverged_only,none,not_needed,0,0,0,0,1,0,1,0,0,潮流已收敛，无需切负荷。
22,2,1,0,none,0.788982576858355,0.970789422700879,1.0387584646356,nonconverged_only,none,not_needed,0,0,0,0,1,0,1,0,0,潮流已收敛，无需切负荷。
22,3,1,0,none,0.788982576858355,0.970789422700879,1.0387584646356,nonconverged_only,none,not_needed,0,0,0,0,1,0,1,0,0,潮流已收敛，无需切负荷。
22,4,1,0,none,0.788982576858355,0.970789422700879,1.0387584646356,nonconverged_only,none,not_needed,0,0,0,0,1,0,1,0,0,潮流已收敛，无需切负荷。
22,5,1,0,none,0.788982576858355,0.970789422700879,1.0387584646356,nonconverged_only,none,not_needed,0,0,0,0,1,0,1,0,0,潮流已收敛，无需切负荷。
23,1,1,0,none,1.26668803666025,0.97542723238414,1.03667849669272,nonconverged_only,none,not_needed,0,0,0,0,1,0,1,0,0,潮流已收敛，无需切负荷。
23,1,2,0,none,0.976667105749513,0.927424717548305,1.03293853867959,nonconverged_only,none,not_needed,0,8.53,0,8.53,1,0,1,0,0,潮流已收敛，无需切负荷。
23,2,1,0,none,1.26668803666025,0.97542723238414,1.03667849669272,nonconverged_only,none,not_needed,0,0,0,0,1,0,1,0,0,潮流已收敛，无需切负荷。
23,2,2,0,none,0.976667105749513,0.927424717548305,1.03293853867959,nonconverged_only,none,not_needed,0,8.53,0,8.53,1,0,1,0,0,潮流已收敛，无需切负荷。
23,2,3,1,nonconverged_powerflow,NaN,0.819888494495713,1.03132981470618,nonconverged_only,simple,simple_applied,312.285,320.815,312.285,8.53,1,0,1,NaN,NaN,使用原simple_load_shedding工程简化切负荷。
23,2,4,0,none,1.71450580625649,0.821298417339013,1.0178431,nonconverged_only,none,not_needed,0,320.815,0,320.815,1,0,1,0,0,潮流已收敛，无需切负荷。
23,2,5,0,none,1.72247027144287,0.776842055509681,1.0576827,nonconverged_only,none,not_needed,0,3272.085,0,3272.085,1,0,1,0,0,潮流已收敛，无需切负荷。
23,3,1,0,none,1.26668803666025,0.97542723238414,1.03667849669272,nonconverged_only,none,not_needed,0,0,0,0,1,0,1,0,0,潮流已收敛，无需切负荷。
23,3,2,0,none,0.976667105749513,0.927424717548305,1.03293853867959,nonconverged_only,none,not_needed,0,8.53,0,8.53,1,0,1,0,0,潮流已收敛，无需切负荷。
23,4,1,0,none,1.26668803666025,0.97542723238414,1.03667849669272,nonconverged_only,none,not_needed,0,0,0,0,1,0,1,0,0,潮流已收敛，无需切负荷。
23,4,2,0,none,0.976667105749513,0.927424717548305,1.03293853867959,nonconverged_only,none,not_needed,0,8.53,0,8.53,1,0,1,0,0,潮流已收敛，无需切负荷。
23,5,1,0,none,1.26668803666025,0.97542723238414,1.03667849669272,nonconverged_only,none,not_needed,0,0,0,0,1,0,1,0,0,潮流已收敛，无需切负荷。
23,5,2,0,none,0.976667105749513,0.927424717548305,1.03293853867959,nonconverged_only,none,not_needed,0,8.53,0,8.53,1,0,1,0,0,潮流已收敛，无需切负荷。
24,1,1,0,none,0.797838897440752,0.978180203570617,1.03691362965652,nonconverged_only,none,not_needed,0,0,0,0,1,0,1,0,0,潮流已收敛，无需切负荷。
24,2,1,0,none,0.797838897440752,0.978180203570617,1.03691362965652,nonconverged_only,none,not_needed,0,0,0,0,1,0,1,0,0,潮流已收敛，无需切负荷。
24,3,1,0,none,0.797838897440752,0.978180203570617,1.03691362965652,nonconverged_only,none,not_needed,0,0,0,0,1,0,1,0,0,潮流已收敛，无需切负荷。
24,4,1,0,none,0.797838897440752,0.978180203570617,1.03691362965652,nonconverged_only,none,not_needed,0,0,0,0,1,0,1,0,0,潮流已收敛，无需切负荷。
24,5,1,0,none,0.797838897440752,0.978180203570617,1.03691362965652,nonconverged_only,none,not_needed,0,0,0,0,1,0,1,0,0,潮流已收敛，无需切负荷。
25,1,1,0,none,0.794545081779867,0.929048608040014,1.0417978159966,nonconverged_only,none,not_needed,0,0,0,0,1,0,1,0,0,潮流已收敛，无需切负荷。
25,2,1,0,none,0.794545081779867,0.929048608040014,1.0417978159966,nonconverged_only,none,not_needed,0,0,0,0,1,0,1,0,0,潮流已收敛，无需切负荷。
25,3,1,0,none,0.794545081779867,0.929048608040014,1.0417978159966,nonconverged_only,none,not_needed,0,0,0,0,1,0,1,0,0,潮流已收敛，无需切负荷。
25,4,1,0,none,0.794545081779867,0.929048608040014,1.0417978159966,nonconverged_only,none,not_needed,0,0,0,0,1,0,1,0,0,潮流已收敛，无需切负荷。
25,5,1,0,none,0.794545081779867,0.929048608040014,1.0417978159966,nonconverged_only,none,not_needed,0,0,0,0,1,0,1,0,0,潮流已收敛，无需切负荷。
26,1,1,0,none,0.831693904937114,0.978275082335626,1.03708740927561,nonconverged_only,none,not_needed,0,0,0,0,1,0,1,0,0,潮流已收敛，无需切负荷。
26,2,1,0,none,0.831693904937114,0.978275082335626,1.03708740927561,nonconverged_only,none,not_needed,0,0,0,0,1,0,1,0,0,潮流已收敛，无需切负荷。
26,3,1,0,none,0.831693904937114,0.978275082335626,1.03708740927561,nonconverged_only,none,not_needed,0,0,0,0,1,0,1,0,0,潮流已收敛，无需切负荷。
26,4,1,0,none,0.831693904937114,0.978275082335626,1.03708740927561,nonconverged_only,none,not_needed,0,0,0,0,1,0,1,0,0,潮流已收敛，无需切负荷。
26,5,1,0,none,0.831693904937114,0.978275082335626,1.03708740927561,nonconverged_only,none,not_needed,0,0,0,0,1,0,1,0,0,潮流已收敛，无需切负荷。
27,1,1,0,none,0.883069510404634,0.959776546640405,1.0501068,nonconverged_only,none,not_needed,0,680,0,680,1,0,1,0,0,潮流已收敛，无需切负荷。
27,2,1,0,none,0.883069510404634,0.959776546640405,1.0501068,nonconverged_only,none,not_needed,0,680,0,680,1,0,1,0,0,潮流已收敛，无需切负荷。
27,3,1,0,none,0.883069510404634,0.959776546640405,1.0501068,nonconverged_only,none,not_needed,0,680,0,680,1,0,1,0,0,潮流已收敛，无需切负荷。
27,4,1,0,none,0.883069510404634,0.959776546640405,1.0501068,nonconverged_only,none,not_needed,0,680,0,680,1,0,1,0,0,潮流已收敛，无需切负荷。
27,5,1,0,none,0.883069510404634,0.959776546640405,1.0501068,nonconverged_only,none,not_needed,0,680,0,680,1,0,1,0,0,潮流已收敛，无需切负荷。
28,1,1,0,none,1.08350524956208,0.97823021983401,1.03810643509116,nonconverged_only,none,not_needed,0,0,0,0,1,0,1,0,0,潮流已收敛，无需切负荷。
28,2,1,0,none,1.08350524956208,0.97823021983401,1.03810643509116,nonconverged_only,none,not_needed,0,0,0,0,1,0,1,0,0,潮流已收敛，无需切负荷。
28,3,1,0,none,1.08350524956208,0.97823021983401,1.03810643509116,nonconverged_only,none,not_needed,0,0,0,0,1,0,1,0,0,潮流已收敛，无需切负荷。
28,3,2,0,none,1.00532234731179,0.953949831903587,1.0636,nonconverged_only,none,not_needed,0,521.5,0,521.5,1,0,1,0,0,潮流已收敛，无需切负荷。
28,4,1,0,none,1.08350524956208,0.97823021983401,1.03810643509116,nonconverged_only,none,not_needed,0,0,0,0,1,0,1,0,0,潮流已收敛，无需切负荷。
28,5,1,0,none,1.08350524956208,0.97823021983401,1.03810643509116,nonconverged_only,none,not_needed,0,0,0,0,1,0,1,0,0,潮流已收敛，无需切负荷。
29,1,1,0,none,0.79686015995082,0.978287062458142,1.03710935206878,nonconverged_only,none,not_needed,0,0,0,0,1,0,1,0,0,潮流已收敛，无需切负荷。
29,2,1,0,none,0.79686015995082,0.978287062458142,1.03710935206878,nonconverged_only,none,not_needed,0,0,0,0,1,0,1,0,0,潮流已收敛，无需切负荷。
29,3,1,0,none,0.79686015995082,0.978287062458142,1.03710935206878,nonconverged_only,none,not_needed,0,0,0,0,1,0,1,0,0,潮流已收敛，无需切负荷。
29,4,1,0,none,0.79686015995082,0.978287062458142,1.03710935206878,nonconverged_only,none,not_needed,0,0,0,0,1,0,1,0,0,潮流已收敛，无需切负荷。
29,5,1,0,none,0.79686015995082,0.978287062458142,1.03710935206878,nonconverged_only,none,not_needed,0,0,0,0,1,0,1,0,0,潮流已收敛，无需切负荷。
30,1,1,0,none,0.809209568230122,0.979426886167773,1.03919709629536,nonconverged_only,none,not_needed,0,0,0,0,1,0,1,0,0,潮流已收敛，无需切负荷。
30,2,1,0,none,0.809209568230122,0.979426886167773,1.03919709629536,nonconverged_only,none,not_needed,0,0,0,0,1,0,1,0,0,潮流已收敛，无需切负荷。
30,3,1,0,none,0.809209568230122,0.979426886167773,1.03919709629536,nonconverged_only,none,not_needed,0,0,0,0,1,0,1,0,0,潮流已收敛，无需切负荷。
30,4,1,0,none,0.809209568230122,0.979426886167773,1.03919709629536,nonconverged_only,none,not_needed,0,0,0,0,1,0,1,0,0,潮流已收敛，无需切负荷。
30,5,1,0,none,0.809209568230122,0.979426886167773,1.03919709629536,nonconverged_only,none,not_needed,0,0,0,0,1,0,1,0,0,潮流已收敛，无需切负荷。
31,1,1,0,none,0.793548131083996,0.978656418579453,1.03778586938738,nonconverged_only,none,not_needed,0,0,0,0,1,0,1,0,0,潮流已收敛，无需切负荷。
31,2,1,0,none,0.793548131083996,0.978656418579453,1.03778586938738,nonconverged_only,none,not_needed,0,0,0,0,1,0,1,0,0,潮流已收敛，无需切负荷。
31,3,1,0,none,0.793548131083996,0.978656418579453,1.03778586938738,nonconverged_only,none,not_needed,0,0,0,0,1,0,1,0,0,潮流已收敛，无需切负荷。
31,4,1,0,none,0.793548131083996,0.978656418579453,1.03778586938738,nonconverged_only,none,not_needed,0,0,0,0,1,0,1,0,0,潮流已收敛，无需切负荷。
31,5,1,0,none,0.793548131083996,0.978656418579453,1.03778586938738,nonconverged_only,none,not_needed,0,0,0,0,1,0,1,0,0,潮流已收敛，无需切负荷。
32,1,1,0,none,1.02210314365898,0.986634552020729,1.03792961433032,nonconverged_only,none,not_needed,0,680,0,680,1,0,1,0,0,潮流已收敛，无需切负荷。
32,2,1,0,none,1.02210314365898,0.986634552020729,1.03792961433032,nonconverged_only,none,not_needed,0,680,0,680,1,0,1,0,0,潮流已收敛，无需切负荷。
32,3,1,0,none,1.02210314365898,0.986634552020729,1.03792961433032,nonconverged_only,none,not_needed,0,680,0,680,1,0,1,0,0,潮流已收敛，无需切负荷。
32,4,1,0,none,1.02210314365898,0.986634552020729,1.03792961433032,nonconverged_only,none,not_needed,0,680,0,680,1,0,1,0,0,潮流已收敛，无需切负荷。
32,4,2,0,none,0.883069510404634,0.959776546640405,1.0501068,nonconverged_only,none,not_needed,0,680,0,680,1,0,1,0,0,潮流已收敛，无需切负荷。
32,5,1,0,none,1.02210314365898,0.986634552020729,1.03792961433032,nonconverged_only,none,not_needed,0,680,0,680,1,0,1,0,0,潮流已收敛，无需切负荷。
33,1,1,0,none,0.97540066796036,0.953344636556054,1.01980246667067,nonconverged_only,none,not_needed,0,0,0,0,1,0,1,0,0,潮流已收敛，无需切负荷。
33,1,2,0,none,1.70553297451145,0.927903189067787,1.01539353418525,nonconverged_only,none,not_needed,0,9.2,0,9.2,1,0,1,0,0,潮流已收敛，无需切负荷。
33,1,3,0,none,1.60789516425478,0.824331866270092,1.01102238958309,nonconverged_only,none,not_needed,0,9.2,0,9.2,1,0,1,0,0,潮流已收敛，无需切负荷。
33,1,4,1,nonconverged_powerflow,NaN,9.16462352558156e-05,2.90706759143711,nonconverged_only,simple,simple_applied,1171.029,3521.829,1171.029,2350.8,0,0,0,NaN,NaN,使用原simple_load_shedding工程简化切负荷。
33,2,1,0,none,0.97540066796036,0.953344636556054,1.01980246667067,nonconverged_only,none,not_needed,0,0,0,0,1,0,1,0,0,潮流已收敛，无需切负荷。
33,2,2,0,none,1.81644781166697,0.92904453716757,1.01696897426461,nonconverged_only,none,not_needed,0,0,0,0,1,0,1,0,0,潮流已收敛，无需切负荷。
33,2,3,1,nonconverged_powerflow,NaN,0.145775665357351,1.0178431,nonconverged_only,simple,simple_applied,936.855,945.385,936.855,8.53,1,0,1,NaN,NaN,使用原simple_load_shedding工程简化切负荷。
33,2,4,1,nonconverged_powerflow,NaN,0.0237732027456936,1.78690911788642,nonconverged_only,simple,simple_applied,255.11475,1407.04975,255.11475,1151.935,1,0,1,NaN,NaN,使用原simple_load_shedding工程简化切负荷。
33,2,5,0,none,2.07713112019923,0.693893431645925,1.0576827,nonconverged_only,none,not_needed,0,3719.40675,0,3719.40675,1,0,1,0,0,潮流已收敛，无需切负荷。
33,3,1,0,none,0.97540066796036,0.953344636556054,1.01980246667067,nonconverged_only,none,not_needed,0,0,0,0,1,0,1,0,0,潮流已收敛，无需切负荷。
33,4,1,0,none,0.97540066796036,0.953344636556054,1.01980246667067,nonconverged_only,none,not_needed,0,0,0,0,1,0,1,0,0,潮流已收敛，无需切负荷。
33,5,1,0,none,0.97540066796036,0.953344636556054,1.01980246667067,nonconverged_only,none,not_needed,0,0,0,0,1,0,1,0,0,潮流已收敛，无需切负荷。
34,1,1,0,none,0.938490148082563,0.930829139739122,1.02067965164746,nonconverged_only,none,not_needed,0,0,0,0,1,0,1,0,0,潮流已收敛，无需切负荷。
34,1,2,0,none,1.73629796785223,0.926087889522985,1.01827073322296,nonconverged_only,none,not_needed,0,0,0,0,1,0,1,0,0,潮流已收敛，无需切负荷。
34,1,3,1,nonconverged_powerflow,NaN,0.520788634104518,3.04084366496661,nonconverged_only,simple,simple_applied,936.855,945.385,936.855,8.53,1,0,1,NaN,NaN,使用原simple_load_shedding工程简化切负荷。
34,1,4,1,nonconverged_powerflow,NaN,0.576177566113369,1.0178431,nonconverged_only,simple,simple_applied,530.1025,1483.3075,530.1025,953.205,1,0,1,NaN,NaN,使用原simple_load_shedding工程简化切负荷。
34,1,5,1,nonconverged_powerflow,NaN,0.982,17.6972382439742,nonconverged_only,simple,simple_applied,480.2823,4333.1008,480.2823,3852.8185,1,0,1,NaN,NaN,使用原simple_load_shedding工程简化切负荷。
34,2,1,0,none,0.938490148082563,0.930829139739122,1.02067965164746,nonconverged_only,none,not_needed,0,0,0,0,1,0,1,0,0,潮流已收敛，无需切负荷。
34,2,2,0,none,1.67051784773058,0.927415912113132,1.01920062333475,nonconverged_only,none,not_needed,0,0,0,0,1,0,1,0,0,潮流已收敛，无需切负荷。
34,2,3,1,nonconverged_powerflow,NaN,0.884944548549398,1.4179509454642,nonconverged_only,simple,simple_applied,625.423,625.423,625.423,0,1,0,1,NaN,NaN,使用原simple_load_shedding工程简化切负荷。
34,2,4,1,nonconverged_powerflow,NaN,0.00287289752973898,17.853846877618,nonconverged_only,simple,simple_applied,562.113,1195.213,562.113,633.1,1,0,1,NaN,NaN,使用原simple_load_shedding工程简化切负荷。
34,2,5,0,none,1.83279215334602,0.800671493721272,1.0576827,nonconverged_only,none,not_needed,0,3711.559,0,3711.559,1,0,1,0,0,潮流已收敛，无需切负荷。
34,3,1,0,none,0.938490148082563,0.930829139739122,1.02067965164746,nonconverged_only,none,not_needed,0,0,0,0,1,0,1,0,0,潮流已收敛，无需切负荷。
34,4,1,0,none,0.938490148082563,0.930829139739122,1.02067965164746,nonconverged_only,none,not_needed,0,0,0,0,1,0,1,0,0,潮流已收敛，无需切负荷。
34,5,1,0,none,0.938490148082563,0.930829139739122,1.02067965164746,nonconverged_only,none,not_needed,0,0,0,0,1,0,1,0,0,潮流已收敛，无需切负荷。
35,1,1,0,none,1.53709971715235,0.961659913095852,1.02932196992669,nonconverged_only,none,not_needed,0,0,0,0,1,0,1,0,0,潮流已收敛，无需切负荷。
35,1,2,0,none,1.21811951148233,0.919579273688169,1.0636,nonconverged_only,none,not_needed,0,247.5,0,247.5,1,0,1,0,0,潮流已收敛，无需切负荷。
35,1,3,1,nonconverged_powerflow,NaN,0.0678742688750467,2.32067446371677,nonconverged_only,simple,simple_applied,299.8765,556.5765,299.8765,256.7,1,0,1,NaN,NaN,使用原simple_load_shedding工程简化切负荷。
35,1,4,1,nonconverged_powerflow,NaN,0.198839446145947,4.80304930143082,nonconverged_only,simple,simple_applied,953.3535,4029.7385,953.3535,3076.385,0,0,0,NaN,NaN,使用原simple_load_shedding工程简化切负荷。
35,2,1,0,none,1.53709971715235,0.961659913095852,1.02932196992669,nonconverged_only,none,not_needed,0,0,0,0,1,0,1,0,0,潮流已收敛，无需切负荷。
35,2,2,0,none,1.21811951148233,0.919579273688169,1.0636,nonconverged_only,none,not_needed,0,247.5,0,247.5,1,0,1,0,0,潮流已收敛，无需切负荷。
35,2,3,1,nonconverged_powerflow,NaN,0.0678742688750467,2.32067446371677,nonconverged_only,simple,simple_applied,299.8765,556.5765,299.8765,256.7,1,0,1,NaN,NaN,使用原simple_load_shedding工程简化切负荷。
35,2,4,1,nonconverged_powerflow,NaN,0.198839446145947,4.80304930143082,nonconverged_only,simple,simple_applied,953.3535,4029.7385,953.3535,3076.385,0,0,0,NaN,NaN,使用原simple_load_shedding工程简化切负荷。
35,3,1,0,none,1.53709971715235,0.961659913095852,1.02932196992669,nonconverged_only,none,not_needed,0,0,0,0,1,0,1,0,0,潮流已收敛，无需切负荷。
35,3,2,0,none,1.21811951148233,0.919579273688169,1.0636,nonconverged_only,none,not_needed,0,247.5,0,247.5,1,0,1,0,0,潮流已收敛，无需切负荷。
35,3,3,1,nonconverged_powerflow,NaN,0.0678742688750467,2.32067446371677,nonconverged_only,simple,simple_applied,299.8765,556.5765,299.8765,256.7,1,0,1,NaN,NaN,使用原simple_load_shedding工程简化切负荷。
35,3,4,1,nonconverged_powerflow,NaN,0.198839446145947,4.80304930143082,nonconverged_only,simple,simple_applied,953.3535,4029.7385,953.3535,3076.385,0,0,0,NaN,NaN,使用原simple_load_shedding工程简化切负荷。
35,4,1,0,none,1.53709971715235,0.961659913095852,1.02932196992669,nonconverged_only,none,not_needed,0,0,0,0,1,0,1,0,0,潮流已收敛，无需切负荷。
35,4,2,0,none,1.21811951148233,0.919579273688169,1.0636,nonconverged_only,none,not_needed,0,247.5,0,247.5,1,0,1,0,0,潮流已收敛，无需切负荷。
35,4,3,1,nonconverged_powerflow,NaN,0.0678742688750467,2.32067446371677,nonconverged_only,simple,simple_applied,299.8765,556.5765,299.8765,256.7,1,0,1,NaN,NaN,使用原simple_load_shedding工程简化切负荷。
35,4,4,1,nonconverged_powerflow,NaN,0.982,1.0636,nonconverged_only,simple,simple_applied,265.94775,4747.19275,265.94775,4481.245,1,0,1,NaN,NaN,使用原simple_load_shedding工程简化切负荷。
35,5,1,0,none,1.53709971715235,0.961659913095852,1.02932196992669,nonconverged_only,none,not_needed,0,0,0,0,1,0,1,0,0,潮流已收敛，无需切负荷。
35,5,2,0,none,1.21811951148233,0.919579273688169,1.0636,nonconverged_only,none,not_needed,0,247.5,0,247.5,1,0,1,0,0,潮流已收敛，无需切负荷。
35,5,3,1,nonconverged_powerflow,NaN,0.0678742688750467,2.32067446371677,nonconverged_only,simple,simple_applied,299.8765,556.5765,299.8765,256.7,1,0,1,NaN,NaN,使用原simple_load_shedding工程简化切负荷。
35,5,4,1,nonconverged_powerflow,NaN,0.198839446145947,4.80304930143082,nonconverged_only,simple,simple_applied,953.3535,4029.7385,953.3535,3076.385,0,0,0,NaN,NaN,使用原simple_load_shedding工程简化切负荷。
36,1,1,0,none,0.791040874203984,0.97894465650465,1.03831381581319,nonconverged_only,none,not_needed,0,0,0,0,1,0,1,0,0,潮流已收敛，无需切负荷。
36,2,1,0,none,0.791040874203984,0.97894465650465,1.03831381581319,nonconverged_only,none,not_needed,0,0,0,0,1,0,1,0,0,潮流已收敛，无需切负荷。
36,3,1,0,none,0.791040874203984,0.97894465650465,1.03831381581319,nonconverged_only,none,not_needed,0,0,0,0,1,0,1,0,0,潮流已收敛，无需切负荷。
36,4,1,0,none,0.791040874203984,0.97894465650465,1.03831381581319,nonconverged_only,none,not_needed,0,0,0,0,1,0,1,0,0,潮流已收敛，无需切负荷。
36,5,1,0,none,0.791040874203984,0.97894465650465,1.03831381581319,nonconverged_only,none,not_needed,0,0,0,0,1,0,1,0,0,潮流已收敛，无需切负荷。
37,1,1,0,none,0.980754404207019,0.953848737353551,1.0494,nonconverged_only,none,not_needed,0,0,0,0,1,0,1,0,0,潮流已收敛，无需切负荷。
37,2,1,0,none,0.980754404207019,0.953848737353551,1.0494,nonconverged_only,none,not_needed,0,0,0,0,1,0,1,0,0,潮流已收敛，无需切负荷。
37,3,1,0,none,0.980754404207019,0.953848737353551,1.0494,nonconverged_only,none,not_needed,0,0,0,0,1,0,1,0,0,潮流已收敛，无需切负荷。
37,4,1,0,none,0.980754404207019,0.953848737353551,1.0494,nonconverged_only,none,not_needed,0,0,0,0,1,0,1,0,0,潮流已收敛，无需切负荷。
37,4,2,0,none,1.75729616910529,0.940898203003952,1.0494,nonconverged_only,none,not_needed,0,0,0,0,1,0,1,0,0,潮流已收敛，无需切负荷。
37,4,3,1,nonconverged_powerflow,NaN,0.196716947400436,1.60108002492608,nonconverged_only,simple,simple_applied,625.423,625.423,625.423,0,1,0,1,NaN,NaN,使用原simple_load_shedding工程简化切负荷。
37,4,4,1,nonconverged_powerflow,NaN,0.555869764480562,2.39356786388475,nonconverged_only,simple,simple_applied,843.1695,1476.2695,843.1695,633.1,1,0,1,NaN,NaN,使用原simple_load_shedding工程简化切负荷。
37,4,5,0,none,1.33546708743014,0.964692328983944,1.0636,nonconverged_only,none,not_needed,0,4573.4485,0,4573.4485,1,0,1,0,0,潮流已收敛，无需切负荷。
37,5,1,0,none,0.980754404207019,0.953848737353551,1.0494,nonconverged_only,none,not_needed,0,0,0,0,1,0,1,0,0,潮流已收敛，无需切负荷。
38,1,1,0,none,1.09455210060593,0.978040738703591,1.0366581873604,nonconverged_only,none,not_needed,0,0,0,0,1,0,1,0,0,潮流已收敛，无需切负荷。
38,2,1,0,none,1.09455210060593,0.978040738703591,1.0366581873604,nonconverged_only,none,not_needed,0,0,0,0,1,0,1,0,0,潮流已收敛，无需切负荷。
38,3,1,0,none,1.09455210060593,0.978040738703591,1.0366581873604,nonconverged_only,none,not_needed,0,0,0,0,1,0,1,0,0,潮流已收敛，无需切负荷。
38,3,2,0,none,1.00532234731179,0.953949831903587,1.0636,nonconverged_only,none,not_needed,0,521.5,0,521.5,1,0,1,0,0,潮流已收敛，无需切负荷。
38,4,1,0,none,1.09455210060593,0.978040738703591,1.0366581873604,nonconverged_only,none,not_needed,0,0,0,0,1,0,1,0,0,潮流已收敛，无需切负荷。
38,4,2,0,none,1.00532234731179,0.953949831903587,1.0636,nonconverged_only,none,not_needed,0,521.5,0,521.5,1,0,1,0,0,潮流已收敛，无需切负荷。
38,4,3,0,none,1.56842365436117,0.936273039258256,1.0636,nonconverged_only,none,not_needed,0,521.5,0,521.5,1,0,1,0,0,潮流已收敛，无需切负荷。
38,4,4,1,nonconverged_powerflow,NaN,0.554038844369621,1.0636,nonconverged_only,simple,simple_applied,286.6365,808.1365,286.6365,521.5,1,0,1,NaN,NaN,使用原simple_load_shedding工程简化切负荷。
38,4,5,1,nonconverged_powerflow,NaN,0.370330044287263,6.08810734260342,nonconverged_only,simple,simple_applied,1301.785,2348.875,1301.785,1047.09,1,0,1,NaN,NaN,使用原simple_load_shedding工程简化切负荷。
38,5,1,0,none,1.09455210060593,0.978040738703591,1.0366581873604,nonconverged_only,none,not_needed,0,0,0,0,1,0,1,0,0,潮流已收敛，无需切负荷。
39,1,1,0,none,0.950179820394921,0.959867014660963,1.0636,nonconverged_only,none,not_needed,0,0,0,0,1,0,1,0,0,潮流已收敛，无需切负荷。
39,1,2,0,none,1.69660936041317,0.949512468779268,1.0636,nonconverged_only,none,not_needed,0,0,0,0,1,0,1,0,0,潮流已收敛，无需切负荷。
39,1,3,1,nonconverged_powerflow,NaN,0.453725224758152,3.16626060527471,nonconverged_only,simple,simple_applied,625.423,625.423,625.423,0,1,0,1,NaN,NaN,使用原simple_load_shedding工程简化切负荷。
39,1,4,1,nonconverged_powerflow,NaN,0.00401540010415498,21.6009633237803,nonconverged_only,simple,simple_applied,562.113,1195.213,562.113,633.1,1,0,1,NaN,NaN,使用原simple_load_shedding工程简化切负荷。
39,1,5,1,nonconverged_powerflow,NaN,0.0133981816584713,11.126602403974,nonconverged_only,simple,simple_applied,597.5613,4859.9203,597.5613,4262.359,1,0,1,NaN,NaN,使用原simple_load_shedding工程简化切负荷。
39,2,1,0,none,0.950179820394921,0.959867014660963,1.0636,nonconverged_only,none,not_needed,0,0,0,0,1,0,1,0,0,潮流已收敛，无需切负荷。
39,2,2,0,none,1.7648159082809,0.938109061840777,1.0636,nonconverged_only,none,not_needed,0,0,0,0,1,0,1,0,0,潮流已收敛，无需切负荷。
39,2,3,1,nonconverged_powerflow,NaN,0.212107235871829,1.24349367583503,nonconverged_only,simple,simple_applied,936.855,945.385,936.855,8.53,1,0,1,NaN,NaN,使用原simple_load_shedding工程简化切负荷。
39,2,4,1,nonconverged_powerflow,NaN,0.462202612697784,1.0636,nonconverged_only,simple,simple_applied,255.11475,1407.04975,255.11475,1151.935,1,0,1,NaN,NaN,使用原simple_load_shedding工程简化切负荷。
39,2,5,1,nonconverged_powerflow,NaN,0.0255081480601188,1.83897964504246,nonconverged_only,simple,simple_applied,595.716975,4864.223725,595.716975,4268.50675,1,0,1,NaN,NaN,使用原simple_load_shedding工程简化切负荷。
39,3,1,0,none,0.950179820394921,0.959867014660963,1.0636,nonconverged_only,none,not_needed,0,0,0,0,1,0,1,0,0,潮流已收敛，无需切负荷。
39,4,1,0,none,0.950179820394921,0.959867014660963,1.0636,nonconverged_only,none,not_needed,0,0,0,0,1,0,1,0,0,潮流已收敛，无需切负荷。
39,5,1,0,none,0.950179820394921,0.959867014660963,1.0636,nonconverged_only,none,not_needed,0,0,0,0,1,0,1,0,0,潮流已收敛，无需切负荷。
40,1,1,0,none,0.902026592491471,0.978655625595912,1.03778441693916,nonconverged_only,none,not_needed,0,0,0,0,1,0,1,0,0,潮流已收敛，无需切负荷。
40,2,1,0,none,0.902026592491471,0.978655625595912,1.03778441693916,nonconverged_only,none,not_needed,0,0,0,0,1,0,1,0,0,潮流已收敛，无需切负荷。
40,3,1,0,none,0.902026592491471,0.978655625595912,1.03778441693916,nonconverged_only,none,not_needed,0,0,0,0,1,0,1,0,0,潮流已收敛，无需切负荷。
40,4,1,0,none,0.902026592491471,0.978655625595912,1.03778441693916,nonconverged_only,none,not_needed,0,0,0,0,1,0,1,0,0,潮流已收敛，无需切负荷。
40,5,1,0,none,0.902026592491471,0.978655625595912,1.03778441693916,nonconverged_only,none,not_needed,0,0,0,0,1,0,1,0,0,潮流已收敛，无需切负荷。
41,1,1,0,none,0.916674770921461,0.957287566387094,1.03551087516672,nonconverged_only,none,not_needed,0,0,0,0,1,0,1,0,0,潮流已收敛，无需切负荷。
41,2,1,0,none,0.916674770921461,0.957287566387094,1.03551087516672,nonconverged_only,none,not_needed,0,0,0,0,1,0,1,0,0,潮流已收敛，无需切负荷。
41,3,1,0,none,0.916674770921461,0.957287566387094,1.03551087516672,nonconverged_only,none,not_needed,0,0,0,0,1,0,1,0,0,潮流已收敛，无需切负荷。
41,4,1,0,none,0.916674770921461,0.957287566387094,1.03551087516672,nonconverged_only,none,not_needed,0,0,0,0,1,0,1,0,0,潮流已收敛，无需切负荷。
41,5,1,0,none,0.916674770921461,0.957287566387094,1.03551087516672,nonconverged_only,none,not_needed,0,0,0,0,1,0,1,0,0,潮流已收敛，无需切负荷。
42,1,1,0,none,1.00341215571984,0.97192018492672,1.04445977157211,nonconverged_only,none,not_needed,0,0,0,0,1,0,1,0,0,潮流已收敛，无需切负荷。
42,1,2,0,none,1.34343426291918,0.952057486282146,1.04074789211991,nonconverged_only,none,not_needed,0,0,0,0,1,0,1,0,0,潮流已收敛，无需切负荷。
42,1,3,0,none,1.13463463350224,0.908713543098492,1.0576827,nonconverged_only,none,not_needed,0,852.5,0,852.5,1,0,1,0,0,潮流已收敛，无需切负荷。
42,1,4,1,nonconverged_powerflow,NaN,0.0111297366542847,1.35944296284505,nonconverged_only,simple,simple_applied,1178.1325,2719.8325,1178.1325,1541.7,1,0,1,NaN,NaN,使用原simple_load_shedding工程简化切负荷。
42,2,1,0,none,1.00341215571984,0.97192018492672,1.04445977157211,nonconverged_only,none,not_needed,0,0,0,0,1,0,1,0,0,潮流已收敛，无需切负荷。
42,3,1,0,none,1.00341215571984,0.97192018492672,1.04445977157211,nonconverged_only,none,not_needed,0,0,0,0,1,0,1,0,0,潮流已收敛，无需切负荷。
42,3,2,0,none,1.34343426291918,0.952057486282146,1.04074789211991,nonconverged_only,none,not_needed,0,0,0,0,1,0,1,0,0,潮流已收敛，无需切负荷。
42,3,3,0,none,1.13463463350224,0.908713543098492,1.0576827,nonconverged_only,none,not_needed,0,852.5,0,852.5,1,0,1,0,0,潮流已收敛，无需切负荷。
42,3,4,1,nonconverged_powerflow,NaN,7.3827068768767e-06,6.12073798017669,nonconverged_only,simple,simple_applied,539.253,1400.953,539.253,861.7,1,0,1,NaN,NaN,使用原simple_load_shedding工程简化切负荷。
42,4,1,0,none,1.00341215571984,0.97192018492672,1.04445977157211,nonconverged_only,none,not_needed,0,0,0,0,1,0,1,0,0,潮流已收敛，无需切负荷。
42,5,1,0,none,1.00341215571984,0.97192018492672,1.04445977157211,nonconverged_only,none,not_needed,0,0,0,0,1,0,1,0,0,潮流已收敛，无需切负荷。
42,5,2,0,none,1.34343426291918,0.952057486282146,1.04074789211991,nonconverged_only,none,not_needed,0,0,0,0,1,0,1,0,0,潮流已收敛，无需切负荷。
42,5,3,0,none,1.13463463350224,0.908713543098492,1.0576827,nonconverged_only,none,not_needed,0,852.5,0,852.5,1,0,1,0,0,潮流已收敛，无需切负荷。
42,5,4,1,nonconverged_powerflow,NaN,7.3827068768767e-06,6.12073798017669,nonconverged_only,simple,simple_applied,539.253,1400.953,539.253,861.7,1,0,1,NaN,NaN,使用原simple_load_shedding工程简化切负荷。
43,1,1,0,none,0.792942453774412,0.978725333957165,1.03791209665098,nonconverged_only,none,not_needed,0,0,0,0,1,0,1,0,0,潮流已收敛，无需切负荷。
43,2,1,0,none,0.792942453774412,0.978725333957165,1.03791209665098,nonconverged_only,none,not_needed,0,0,0,0,1,0,1,0,0,潮流已收敛，无需切负荷。
43,3,1,0,none,0.792942453774412,0.978725333957165,1.03791209665098,nonconverged_only,none,not_needed,0,0,0,0,1,0,1,0,0,潮流已收敛，无需切负荷。
43,4,1,0,none,0.792942453774412,0.978725333957165,1.03791209665098,nonconverged_only,none,not_needed,0,0,0,0,1,0,1,0,0,潮流已收敛，无需切负荷。
43,5,1,0,none,0.792942453774412,0.978725333957165,1.03791209665098,nonconverged_only,none,not_needed,0,0,0,0,1,0,1,0,0,潮流已收敛，无需切负荷。
44,1,1,0,none,0.794182844027415,0.97858466885741,1.03765445099323,nonconverged_only,none,not_needed,0,0,0,0,1,0,1,0,0,潮流已收敛，无需切负荷。
44,2,1,0,none,0.794182844027415,0.97858466885741,1.03765445099323,nonconverged_only,none,not_needed,0,0,0,0,1,0,1,0,0,潮流已收敛，无需切负荷。
44,3,1,0,none,0.794182844027415,0.97858466885741,1.03765445099323,nonconverged_only,none,not_needed,0,0,0,0,1,0,1,0,0,潮流已收敛，无需切负荷。
44,4,1,0,none,0.794182844027415,0.97858466885741,1.03765445099323,nonconverged_only,none,not_needed,0,0,0,0,1,0,1,0,0,潮流已收敛，无需切负荷。
44,5,1,0,none,0.794182844027415,0.97858466885741,1.03765445099323,nonconverged_only,none,not_needed,0,0,0,0,1,0,1,0,0,潮流已收敛，无需切负荷。
45,1,1,0,none,0.794952840739759,0.97849825559589,1.03749617498081,nonconverged_only,none,not_needed,0,0,0,0,1,0,1,0,0,潮流已收敛，无需切负荷。
45,2,1,0,none,0.794952840739759,0.97849825559589,1.03749617498081,nonconverged_only,none,not_needed,0,0,0,0,1,0,1,0,0,潮流已收敛，无需切负荷。
45,3,1,0,none,0.794952840739759,0.97849825559589,1.03749617498081,nonconverged_only,none,not_needed,0,0,0,0,1,0,1,0,0,潮流已收敛，无需切负荷。
45,4,1,0,none,0.794952840739759,0.97849825559589,1.03749617498081,nonconverged_only,none,not_needed,0,0,0,0,1,0,1,0,0,潮流已收敛，无需切负荷。
45,5,1,0,none,0.794952840739759,0.97849825559589,1.03749617498081,nonconverged_only,none,not_needed,0,0,0,0,1,0,1,0,0,潮流已收敛，无需切负荷。
46,1,1,0,none,1.03319188465846,0.943568689909042,1.03135221764115,nonconverged_only,none,not_needed,0,0,0,0,1,0,1,0,0,潮流已收敛，无需切负荷。
46,1,2,0,none,1.45612681881521,0.925625089940239,1.02982909548011,nonconverged_only,none,not_needed,0,9.2,0,9.2,1,0,1,0,0,潮流已收敛，无需切负荷。
46,1,3,1,nonconverged_powerflow,NaN,0.00599789447936644,6.14884678064379,nonconverged_only,simple,simple_applied,312.2515,321.4515,312.2515,9.2,1,0,1,NaN,NaN,使用原simple_load_shedding工程简化切负荷。
46,1,4,1,nonconverged_powerflow,NaN,0.00668983175530376,1.82328264652578,nonconverged_only,simple,simple_applied,1153.851,3561.911,1153.851,2408.06,0,0,0,NaN,NaN,使用原simple_load_shedding工程简化切负荷。
46,2,1,0,none,1.03319188465846,0.943568689909042,1.03135221764115,nonconverged_only,none,not_needed,0,0,0,0,1,0,1,0,0,潮流已收敛，无需切负荷。
46,2,2,0,none,1.82559201678911,0.927589696294131,1.02779632688612,nonconverged_only,none,not_needed,0,0,0,0,1,0,1,0,0,潮流已收敛，无需切负荷。
46,2,3,0,none,2.37222863616811,0.784826972372975,1.0265,nonconverged_only,none,not_needed,0,9.2,0,9.2,1,0,1,0,0,潮流已收敛，无需切负荷。
46,2,4,1,nonconverged_powerflow,NaN,0.535010097086056,2.61105133921349,nonconverged_only,simple,simple_applied,887.15,3592.78,887.15,2705.63,1,0,1,NaN,NaN,使用原simple_load_shedding工程简化切负荷。
46,3,1,0,none,1.03319188465846,0.943568689909042,1.03135221764115,nonconverged_only,none,not_needed,0,0,0,0,1,0,1,0,0,潮流已收敛，无需切负荷。
46,3,2,0,none,1.82559201678911,0.927589696294131,1.02779632688612,nonconverged_only,none,not_needed,0,0,0,0,1,0,1,0,0,潮流已收敛，无需切负荷。
46,3,3,1,nonconverged_powerflow,NaN,0.000305358288205998,1.0265,nonconverged_only,simple,simple_applied,936.855,945.385,936.855,8.53,1,0,1,NaN,NaN,使用原simple_load_shedding工程简化切负荷。
46,3,4,0,none,1.26563133770486,0.976525634476761,1.03460747428438,nonconverged_only,none,not_needed,0,1370.385,0,1370.385,1,0,1,0,0,潮流已收敛，无需切负荷。
46,3,5,1,nonconverged_powerflow,NaN,0.899517809308038,1.0576827,nonconverged_only,simple,simple_applied,301.631,3539.551,301.631,3237.92,1,0,1,NaN,NaN,使用原simple_load_shedding工程简化切负荷。
46,4,1,0,none,1.03319188465846,0.943568689909042,1.03135221764115,nonconverged_only,none,not_needed,0,0,0,0,1,0,1,0,0,潮流已收敛，无需切负荷。
46,5,1,0,none,1.03319188465846,0.943568689909042,1.03135221764115,nonconverged_only,none,not_needed,0,0,0,0,1,0,1,0,0,潮流已收敛，无需切负荷。
46,5,2,1,nonconverged_powerflow,NaN,0.738315708826419,1.0265,nonconverged_only,simple,simple_applied,312.7115,312.7115,312.7115,0,1,0,1,NaN,NaN,使用原simple_load_shedding工程简化切负荷。
46,5,3,1,nonconverged_powerflow,NaN,0.0732584714742874,1.49900520606332,nonconverged_only,simple,simple_applied,890.01225,1210.82725,890.01225,320.815,1,0,1,NaN,NaN,使用原simple_load_shedding工程简化切负荷。
46,5,4,1,nonconverged_powerflow,NaN,0.012174937046633,1.72921858484446,nonconverged_only,simple,simple_applied,816.04335,4350.12885,816.04335,3534.0855,0,0,0,NaN,NaN,使用原simple_load_shedding工程简化切负荷。
