initial_branch,trial_id,stage_id,initial_outage_probability,stage_transition_probability,stage_cumulative_probability,probability_source,num_selected_candidates,num_unselected_candidates,stage_load_shed_mw,base_load_mw,stage_load_shed_frac,pf_converged,severity_valid,invalid_reason,replay_source
1,1,1,0.000438,0.60935430180959,0.0002668971841926,paper_table_4_1_initial_probability + candidate_transition_probability,1,44,0,6254.23,0,1,1,none,replayed_pf_result
1,1,2,0.000438,0.907315715639314,0.000242160009677827,paper_table_4_1_initial_probability + candidate_transition_probability,2,42,0,6254.23,0,1,1,none,replayed_pf_result
1,1,3,0.000438,0.464517026020907,0.000112487447516738,paper_table_4_1_initial_probability + candidate_transition_probability,1,34,852.5,6254.23,0.136307746916887,1,1,none,replayed_pf_result
1,1,4,0.000438,0.0319260191721302,3.59127640604337e-06,paper_table_4_1_initial_probability + candidate_transition_probability,1,33,1400.953,6254.23,0.224000876206983,1,1,none,replayed_after_load_shedding
1,1,5,0.000438,0.0551668768699836,1.98119503298272e-07,paper_table_4_1_initial_probability + candidate_transition_probability,0,30,2649.14455,6254.23,0.423576451457653,1,1,none,replayed_after_load_shedding
1,2,1,0.000438,0.60935430180959,0.0002668971841926,paper_table_4_1_initial_probability + candidate_transition_probability,1,44,0,6254.23,0,1,1,none,replayed_pf_result
1,2,2,0.000438,0.907315715639314,0.000242160009677827,paper_table_4_1_initial_probability + candidate_transition_probability,2,42,0,6254.23,0,1,1,none,replayed_pf_result
1,2,3,0.000438,0.464517026020907,0.000112487447516738,paper_table_4_1_initial_probability + candidate_transition_probability,1,34,852.5,6254.23,0.136307746916887,1,1,none,replayed_pf_result
1,2,4,0.000438,0.275106577300608,3.09460366756116e-05,paper_table_4_1_initial_probability + candidate_transition_probability,1,33,1400.953,6254.23,0.224000876206983,1,1,none,replayed_after_load_shedding
1,2,5,0.000438,0,0,paper_table_4_1_initial_probability + candidate_transition_probability,0,32,2482.393,6254.23,0.396914248436658,1,1,none,replayed_pf_result
1,3,1,0.000438,0.386255144959975,0.000169179753492469,paper_table_4_1_initial_probability + candidate_transition_probability,0,45,0,6254.23,0,1,1,none,replayed_pf_result
1,4,1,0.000438,0.386255144959975,0.000169179753492469,paper_table_4_1_initial_probability + candidate_transition_probability,0,45,0,6254.23,0,1,1,none,replayed_pf_result
1,5,1,0.000438,0.386255144959975,0.000169179753492469,paper_table_4_1_initial_probability + candidate_transition_probability,0,45,0,6254.23,0,1,1,none,replayed_pf_result
2,1,1,0.000582,0.918410499328961,0.000534514910609455,paper_table_4_1_initial_probability + candidate_transition_probability,0,45,0,6254.23,0,1,1,none,replayed_pf_result
2,2,1,0.000582,0.0771989474406037,4.49297874104314e-05,paper_table_4_1_initial_probability + candidate_transition_probability,1,44,0,6254.23,0,1,1,none,replayed_pf_result
2,2,2,0.000582,0.424592701143546,1.90768597984004e-05,paper_table_4_1_initial_probability + candidate_transition_probability,1,43,0,6254.23,0,1,1,none,replayed_pf_result
2,2,3,0.000582,0.228445304440112,4.3580190444069e-06,paper_table_4_1_initial_probability + candidate_transition_probability,1,33,950.1,6254.23,0.151913185156286,1,1,none,replayed_pf_result
2,2,4,0.000582,0.111968067096486,4.87958968771914e-07,paper_table_4_1_initial_probability + candidate_transition_probability,2,31,1488.793,6254.23,0.238045770622443,1,1,none,replayed_after_load_shedding
2,2,5,0.000582,0,0,paper_table_4_1_initial_probability + candidate_transition_probability,0,31,2488.243,6254.23,0.397849615380311,1,1,none,replayed_pf_result
2,3,1,0.000582,0.918410499328961,0.000534514910609455,paper_table_4_1_initial_probability + candidate_transition_probability,0,45,0,6254.23,0,1,1,none,replayed_pf_result
2,4,1,0.000582,0.918410499328961,0.000534514910609455,paper_table_4_1_initial_probability + candidate_transition_probability,0,45,0,6254.23,0,1,1,none,replayed_pf_result
2,5,1,0.000582,0.918410499328961,0.000534514910609455,paper_table_4_1_initial_probability + candidate_transition_probability,0,45,0,6254.23,0,1,1,none,replayed_pf_result
3,1,1,0.000378,0.99404204766243,0.000375747894016398,paper_table_4_1_initial_probability + candidate_transition_probability,0,45,0,6254.23,0,1,1,none,replayed_pf_result
3,2,1,0.000378,0.99404204766243,0.000375747894016398,paper_table_4_1_initial_probability + candidate_transition_probability,0,45,0,6254.23,0,1,1,none,replayed_pf_result
3,3,1,0.000378,0.99404204766243,0.000375747894016398,paper_table_4_1_initial_probability + candidate_transition_probability,0,45,0,6254.23,0,1,1,none,replayed_pf_result
3,4,1,0.000378,0.99404204766243,0.000375747894016398,paper_table_4_1_initial_probability + candidate_transition_probability,0,45,0,6254.23,0,1,1,none,replayed_pf_result
3,5,1,0.000378,0.99404204766243,0.000375747894016398,paper_table_4_1_initial_probability + candidate_transition_probability,0,45,0,6254.23,0,1,1,none,replayed_pf_result
4,1,1,0.000445,0.995509885824888,0.000443001899192075,paper_table_4_1_initial_probability + candidate_transition_probability,0,45,0,6254.23,0,1,1,none,replayed_pf_result
4,2,1,0.000445,0.995509885824888,0.000443001899192075,paper_table_4_1_initial_probability + candidate_transition_probability,0,45,0,6254.23,0,1,1,none,replayed_pf_result
4,3,1,0.000445,0.995509885824888,0.000443001899192075,paper_table_4_1_initial_probability + candidate_transition_probability,0,45,0,6254.23,0,1,1,none,replayed_pf_result
4,4,1,0.000445,0.995509885824888,0.000443001899192075,paper_table_4_1_initial_probability + candidate_transition_probability,0,45,0,6254.23,0,1,1,none,replayed_pf_result
4,5,1,0.000445,0.995509885824888,0.000443001899192075,paper_table_4_1_initial_probability + candidate_transition_probability,0,45,0,6254.23,0,1,1,none,replayed_pf_result
5,1,1,0.000477,0.978159521143713,0.000466582091585551,paper_table_4_1_initial_probability + candidate_transition_probability,0,45,0,6254.23,0,1,1,none,replayed_pf_result
5,2,1,0.000477,0.978159521143713,0.000466582091585551,paper_table_4_1_initial_probability + candidate_transition_probability,0,45,0,6254.23,0,1,1,none,replayed_pf_result
5,3,1,0.000477,0.978159521143713,0.000466582091585551,paper_table_4_1_initial_probability + candidate_transition_probability,0,45,0,6254.23,0,1,1,none,replayed_pf_result
5,4,1,0.000477,0.978159521143713,0.000466582091585551,paper_table_4_1_initial_probability + candidate_transition_probability,0,45,0,6254.23,0,1,1,none,replayed_pf_result
5,5,1,0.000477,0.978159521143713,0.000466582091585551,paper_table_4_1_initial_probability + candidate_transition_probability,0,45,0,6254.23,0,1,1,none,replayed_pf_result
6,1,1,0.000548,0.995509885824888,0.000545539417432039,paper_table_4_1_initial_probability + candidate_transition_probability,0,45,0,6254.23,0,1,1,none,replayed_pf_result
6,2,1,0.000548,0.995509885824888,0.000545539417432039,paper_table_4_1_initial_probability + candidate_transition_probability,0,45,0,6254.23,0,1,1,none,replayed_pf_result
6,3,1,0.000548,0.995509885824888,0.000545539417432039,paper_table_4_1_initial_probability + candidate_transition_probability,0,45,0,6254.23,0,1,1,none,replayed_pf_result
6,4,1,0.000548,0.995509885824888,0.000545539417432039,paper_table_4_1_initial_probability + candidate_transition_probability,0,45,0,6254.23,0,1,1,none,replayed_pf_result
6,5,1,0.000548,0.995509885824888,0.000545539417432039,paper_table_4_1_initial_probability + candidate_transition_probability,0,45,0,6254.23,0,1,1,none,replayed_pf_result
7,1,1,0.000434,0.995509885824888,0.000432051290448001,paper_table_4_1_initial_probability + candidate_transition_probability,0,45,0,6254.23,0,1,1,none,replayed_pf_result
7,2,1,0.000434,0.995509885824888,0.000432051290448001,paper_table_4_1_initial_probability + candidate_transition_probability,0,45,0,6254.23,0,1,1,none,replayed_pf_result
7,3,1,0.000434,0.995509885824888,0.000432051290448001,paper_table_4_1_initial_probability + candidate_transition_probability,0,45,0,6254.23,0,1,1,none,replayed_pf_result
7,4,1,0.000434,0.995509885824888,0.000432051290448001,paper_table_4_1_initial_probability + candidate_transition_probability,0,45,0,6254.23,0,1,1,none,replayed_pf_result
7,5,1,0.000434,0.995509885824888,0.000432051290448001,paper_table_4_1_initial_probability + candidate_transition_probability,0,45,0,6254.23,0,1,1,none,replayed_pf_result
8,1,1,3.4e-05,0.814456238493572,2.76915121087814e-05,paper_table_4_1_initial_probability + candidate_transition_probability,0,45,0,6254.23,0,1,1,none,replayed_pf_result
8,2,1,3.4e-05,0.0667318960652728,2.26888446621928e-06,paper_table_4_1_initial_probability + candidate_transition_probability,1,44,0,6254.23,0,1,1,none,replayed_pf_result
8,2,2,3.4e-05,0.54390769092609,1.2340637109994e-06,paper_table_4_1_initial_probability + candidate_transition_probability,2,42,0,6254.23,0,1,1,none,replayed_pf_result
8,2,3,3.4e-05,0.0159102949131343,1.96343175835974e-08,paper_table_4_1_initial_probability + candidate_transition_probability,7,30,320.815,6254.23,0.0512956830816903,1,1,none,replayed_after_load_shedding
8,2,4,3.4e-05,1,1.96343175835974e-08,paper_table_4_1_initial_probability + candidate_transition_probability (no_candidate_table_transition_probability_set_to_1),0,0,4723.9985,6254.23,0.7553285536349,0,0,nonconverged_power_flow,invalid_nonconverged
8,3,1,3.4e-05,0.814456238493572,2.76915121087814e-05,paper_table_4_1_initial_probability + candidate_transition_probability,0,45,0,6254.23,0,1,1,none,replayed_pf_result
8,4,1,3.4e-05,0.814456238493572,2.76915121087814e-05,paper_table_4_1_initial_probability + candidate_transition_probability,0,45,0,6254.23,0,1,1,none,replayed_pf_result
8,5,1,3.4e-05,0.814456238493572,2.76915121087814e-05,paper_table_4_1_initial_probability + candidate_transition_probability,0,45,0,6254.23,0,1,1,none,replayed_pf_result
9,1,1,0.000616,0.954460252033504,0.000587947515252639,paper_table_4_1_initial_probability + candidate_transition_probability,0,45,0,6254.23,0,1,1,none,replayed_pf_result
9,2,1,0.000616,0.954460252033504,0.000587947515252639,paper_table_4_1_initial_probability + candidate_transition_probability,0,45,0,6254.23,0,1,1,none,replayed_pf_result
9,3,1,0.000616,0.0411491947360608,2.53479039574135e-05,paper_table_4_1_initial_probability + candidate_transition_probability,1,44,0,6254.23,0,1,1,none,replayed_pf_result
9,3,2,0.000616,0.67834282203517,1.71945687031483e-05,paper_table_4_1_initial_probability + candidate_transition_probability,1,43,0,6254.23,0,1,1,none,replayed_pf_result
9,3,3,0.000616,0.131418381837365,2.25968239535915e-06,paper_table_4_1_initial_probability + candidate_transition_probability,0,24,2167.63,6254.23,0.346586230439239,1,1,none,replayed_pf_result
9,4,1,0.000616,0.954460252033504,0.000587947515252639,paper_table_4_1_initial_probability + candidate_transition_probability,0,45,0,6254.23,0,1,1,none,replayed_pf_result
9,5,1,0.000616,0.954460252033504,0.000587947515252639,paper_table_4_1_initial_probability + candidate_transition_probability,0,45,0,6254.23,0,1,1,none,replayed_pf_result
10,1,1,0.000582,0.0282502873514588,1.6441667238549e-05,paper_table_4_1_initial_probability + candidate_transition_probability,1,44,0,6254.23,0,1,1,none,replayed_pf_result
10,1,2,0.000582,0.447403862478467,7.35606542811249e-06,paper_table_4_1_initial_probability + candidate_transition_probability,2,42,0,6254.23,0,1,1,none,replayed_pf_result
10,1,3,0.000582,0.10428239654833,7.67108132009888e-07,paper_table_4_1_initial_probability + candidate_transition_probability,1,41,1136.8645,6254.23,0.181775294480695,1,1,none,replayed_after_load_shedding
10,1,4,0.000582,0.470149019183296,3.60655135871979e-07,paper_table_4_1_initial_probability + candidate_transition_probability,0,40,1136.8645,6254.23,0.181775294480695,1,1,none,replayed_pf_result
10,2,1,0.000582,0.44945345562026,0.000261581911170991,paper_table_4_1_initial_probability + candidate_transition_probability,1,44,0,6254.23,0,1,1,none,replayed_pf_result
10,2,2,0.000582,0.850103834833404,0.00022237178580951,paper_table_4_1_initial_probability + candidate_transition_probability,6,38,0,6254.23,0,1,1,none,replayed_pf_result
10,2,3,0.000582,0.620376760124277,0.000137954288023554,paper_table_4_1_initial_probability + candidate_transition_probability,0,34,1265.03,6254.23,0.202267905081841,1,1,none,replayed_after_load_shedding
10,3,1,0.000582,0.44945345562026,0.000261581911170991,paper_table_4_1_initial_probability + candidate_transition_probability,1,44,0,6254.23,0,1,1,none,replayed_pf_result
10,3,2,0.000582,0.850103834833404,0.00022237178580951,paper_table_4_1_initial_probability + candidate_transition_probability,6,38,0,6254.23,0,1,1,none,replayed_pf_result
10,3,3,0.000582,0.620376760124277,0.000137954288023554,paper_table_4_1_initial_probability + candidate_transition_probability,0,34,1265.03,6254.23,0.202267905081841,1,1,none,replayed_after_load_shedding
10,4,1,0.000582,0.357249024100828,0.000207918932026682,paper_table_4_1_initial_probability + candidate_transition_probability,0,45,0,6254.23,0,1,1,none,replayed_pf_result
10,5,1,0.000582,0.357249024100828,0.000207918932026682,paper_table_4_1_initial_probability + candidate_transition_probability,0,45,0,6254.23,0,1,1,none,replayed_pf_result
11,1,1,0.000565,0.831735049964557,0.000469930303229975,paper_table_4_1_initial_probability + candidate_transition_probability,0,45,0,6254.23,0,1,1,none,replayed_pf_result
11,2,1,0.000565,0.163874396805007,9.2589034194829e-05,paper_table_4_1_initial_probability + candidate_transition_probability,1,44,0,6254.23,0,1,1,none,replayed_pf_result
11,2,2,0.000565,0.19595963087658,1.81437129640377e-05,paper_table_4_1_initial_probability + candidate_transition_probability,2,42,1563.5575,6254.23,0.25,1,1,none,replayed_after_load_shedding
11,2,3,0.000565,0,0,paper_table_4_1_initial_probability + candidate_transition_probability,0,35,3546.4825,6254.23,0.567053418246531,1,1,none,replayed_pf_result
11,3,1,0.000565,0.831735049964557,0.000469930303229975,paper_table_4_1_initial_probability + candidate_transition_probability,0,45,0,6254.23,0,1,1,none,replayed_pf_result
11,4,1,0.000565,0.831735049964557,0.000469930303229975,paper_table_4_1_initial_probability + candidate_transition_probability,0,45,0,6254.23,0,1,1,none,replayed_pf_result
11,5,1,0.000565,0.831735049964557,0.000469930303229975,paper_table_4_1_initial_probability + candidate_transition_probability,0,45,0,6254.23,0,1,1,none,replayed_pf_result
12,1,1,0.000263,0.127039563525516,3.34114052072107e-05,paper_table_4_1_initial_probability + candidate_transition_probability,1,44,0,6254.23,0,1,1,none,replayed_pf_result
12,1,2,0.000263,0.244664825239892,8.17459561604142e-06,paper_table_4_1_initial_probability + candidate_transition_probability,2,42,1563.5575,6254.23,0.25,1,1,none,replayed_after_load_shedding
12,1,3,0.000263,0,0,paper_table_4_1_initial_probability + candidate_transition_probability,0,38,3036.4825,6254.23,0.485508607774258,1,1,none,replayed_pf_result
12,2,1,0.000263,0.779356728205564,0.000204970819518063,paper_table_4_1_initial_probability + candidate_transition_probability,0,45,0,6254.23,0,1,1,none,replayed_pf_result
12,3,1,0.000263,0.779356728205564,0.000204970819518063,paper_table_4_1_initial_probability + candidate_transition_probability,0,45,0,6254.23,0,1,1,none,replayed_pf_result
12,4,1,0.000263,0.779356728205564,0.000204970819518063,paper_table_4_1_initial_probability + candidate_transition_probability,0,45,0,6254.23,0,1,1,none,replayed_pf_result
12,5,1,0.000263,0.779356728205564,0.000204970819518063,paper_table_4_1_initial_probability + candidate_transition_probability,0,45,0,6254.23,0,1,1,none,replayed_pf_result
13,1,1,0.000502,0.735980968468797,0.000369462446171336,paper_table_4_1_initial_probability + candidate_transition_probability,0,45,0,6254.23,0,1,1,none,replayed_pf_result
13,2,1,0.000502,0.735980968468797,0.000369462446171336,paper_table_4_1_initial_probability + candidate_transition_probability,0,45,0,6254.23,0,1,1,none,replayed_pf_result
13,3,1,0.000502,0.0772757977226446,3.87924504567676e-05,paper_table_4_1_initial_probability + candidate_transition_probability,1,44,0,6254.23,0,1,1,none,replayed_pf_result
13,3,2,0.000502,0.0219757677709815,8.52493882505229e-07,paper_table_4_1_initial_probability + candidate_transition_probability,4,40,0,6254.23,0,1,1,none,replayed_pf_result
13,3,3,0.000502,0.828752130046797,7.06506120978073e-07,paper_table_4_1_initial_probability + candidate_transition_probability,0,39,8.53,6254.23,0.00136387692809506,1,1,none,replayed_pf_result
13,4,1,0.000502,0.735980968468797,0.000369462446171336,paper_table_4_1_initial_probability + candidate_transition_probability,0,45,0,6254.23,0,1,1,none,replayed_pf_result
13,5,1,0.000502,0.735980968468797,0.000369462446171336,paper_table_4_1_initial_probability + candidate_transition_probability,0,45,0,6254.23,0,1,1,none,replayed_pf_result
14,1,1,0.000377,0.951155620558038,0.00035858566895038,paper_table_4_1_initial_probability + candidate_transition_probability,1,44,9.2,6254.23,0.0014710044242057,1,1,none,replayed_pf_result
14,1,2,0.000377,0.134944169282371,4.83890452130723e-05,paper_table_4_1_initial_probability + candidate_transition_probability,0,44,9.2,6254.23,0.0014710044242057,1,1,none,replayed_pf_result
14,2,1,0.000377,0.951155620558038,0.00035858566895038,paper_table_4_1_initial_probability + candidate_transition_probability,1,44,9.2,6254.23,0.0014710044242057,1,1,none,replayed_pf_result
14,2,2,0.000377,0.276423026776937,9.9121335970097e-05,paper_table_4_1_initial_probability + candidate_transition_probability,2,42,9.2,6254.23,0.0014710044242057,1,1,none,replayed_pf_result
14,2,3,0.000377,0.27502405358034,2.72607516147948e-05,paper_table_4_1_initial_probability + candidate_transition_probability,2,36,1199.353,6254.23,0.19176669230265,1,1,none,replayed_after_load_shedding
14,2,4,0.000377,0,0,paper_table_4_1_initial_probability + candidate_transition_probability,0,32,2482.393,6254.23,0.396914248436658,1,1,none,replayed_pf_result
14,3,1,0.000377,0.951155620558038,0.00035858566895038,paper_table_4_1_initial_probability + candidate_transition_probability,1,44,9.2,6254.23,0.0014710044242057,1,1,none,replayed_pf_result
14,3,2,0.000377,0.41347202942774,0.000148265144264618,paper_table_4_1_initial_probability + candidate_transition_probability,1,43,9.2,6254.23,0.0014710044242057,1,1,none,replayed_pf_result
14,3,3,0.000377,0.2924389236398,4.33584992020444e-05,paper_table_4_1_initial_probability + candidate_transition_probability,1,42,633.703,6254.23,0.101323903981785,1,1,none,replayed_after_load_shedding
14,3,4,0.000377,0.314270422544962,1.36262938651419e-05,paper_table_4_1_initial_probability + candidate_transition_probability,0,34,1400.953,6254.23,0.224000876206983,1,1,none,replayed_pf_result
14,4,1,0.000377,0.951155620558038,0.00035858566895038,paper_table_4_1_initial_probability + candidate_transition_probability,1,44,9.2,6254.23,0.0014710044242057,1,1,none,replayed_pf_result
14,4,2,0.000377,0.276423026776937,9.9121335970097e-05,paper_table_4_1_initial_probability + candidate_transition_probability,2,42,9.2,6254.23,0.0014710044242057,1,1,none,replayed_pf_result
14,4,3,0.000377,0.314176150845997,3.11415598017979e-05,paper_table_4_1_initial_probability + candidate_transition_probability,1,37,1199.353,6254.23,0.19176669230265,1,1,none,replayed_after_load_shedding
14,4,4,0.000377,0.275106577300608,8.56724792887482e-06,paper_table_4_1_initial_probability + candidate_transition_probability,1,33,1400.953,6254.23,0.224000876206983,1,1,none,replayed_pf_result
14,4,5,0.000377,0,0,paper_table_4_1_initial_probability + candidate_transition_probability,0,32,2482.393,6254.23,0.396914248436658,1,1,none,replayed_pf_result
14,5,1,0.000377,0.951155620558038,0.00035858566895038,paper_table_4_1_initial_probability + candidate_transition_probability,1,44,9.2,6254.23,0.0014710044242057,1,1,none,replayed_pf_result
14,5,2,0.000377,0.41347202942774,0.000148265144264618,paper_table_4_1_initial_probability + candidate_transition_probability,1,43,9.2,6254.23,0.0014710044242057,1,1,none,replayed_pf_result
14,5,3,0.000377,0.104179535498409,1.54461938600924e-05,paper_table_4_1_initial_probability + candidate_transition_probability,3,40,633.703,6254.23,0.101323903981785,1,1,none,replayed_after_load_shedding
14,5,4,0.000377,0,0,paper_table_4_1_initial_probability + candidate_transition_probability,0,31,2488.243,6254.23,0.397849615380311,1,1,none,replayed_pf_result
15,1,1,2.3e-05,0.995509885824888,2.28967273739724e-05,paper_table_4_1_initial_probability + candidate_transition_probability,0,45,0,6254.23,0,1,1,none,replayed_pf_result
15,2,1,2.3e-05,0.995509885824888,2.28967273739724e-05,paper_table_4_1_initial_probability + candidate_transition_probability,0,45,0,6254.23,0,1,1,none,replayed_pf_result
15,3,1,2.3e-05,0.995509885824888,2.28967273739724e-05,paper_table_4_1_initial_probability + candidate_transition_probability,0,45,0,6254.23,0,1,1,none,replayed_pf_result
15,4,1,2.3e-05,0.995509885824888,2.28967273739724e-05,paper_table_4_1_initial_probability + candidate_transition_probability,0,45,0,6254.23,0,1,1,none,replayed_pf_result
15,5,1,2.3e-05,0.995509885824888,2.28967273739724e-05,paper_table_4_1_initial_probability + candidate_transition_probability,0,45,0,6254.23,0,1,1,none,replayed_pf_result
16,1,1,2.3e-05,0.995509885824888,2.28967273739724e-05,paper_table_4_1_initial_probability + candidate_transition_probability,0,45,0,6254.23,0,1,1,none,replayed_pf_result
16,2,1,2.3e-05,0.995509885824888,2.28967273739724e-05,paper_table_4_1_initial_probability + candidate_transition_probability,0,45,0,6254.23,0,1,1,none,replayed_pf_result
16,3,1,2.3e-05,0.995509885824888,2.28967273739724e-05,paper_table_4_1_initial_probability + candidate_transition_probability,0,45,0,6254.23,0,1,1,none,replayed_pf_result
16,4,1,2.3e-05,0.995509885824888,2.28967273739724e-05,paper_table_4_1_initial_probability + candidate_transition_probability,0,45,0,6254.23,0,1,1,none,replayed_pf_result
16,5,1,2.3e-05,0.995509885824888,2.28967273739724e-05,paper_table_4_1_initial_probability + candidate_transition_probability,0,45,0,6254.23,0,1,1,none,replayed_pf_result
17,1,1,0.000685,0.995509885824888,0.000681924271790048,paper_table_4_1_initial_probability + candidate_transition_probability,0,45,0,6254.23,0,1,1,none,replayed_pf_result
17,2,1,0.000685,0.995509885824888,0.000681924271790048,paper_table_4_1_initial_probability + candidate_transition_probability,0,45,0,6254.23,0,1,1,none,replayed_pf_result
17,3,1,0.000685,0.995509885824888,0.000681924271790048,paper_table_4_1_initial_probability + candidate_transition_probability,0,45,0,6254.23,0,1,1,none,replayed_pf_result
17,4,1,0.000685,0.995509885824888,0.000681924271790048,paper_table_4_1_initial_probability + candidate_transition_probability,0,45,0,6254.23,0,1,1,none,replayed_pf_result
17,5,1,0.000685,0.995509885824888,0.000681924271790048,paper_table_4_1_initial_probability + candidate_transition_probability,0,45,0,6254.23,0,1,1,none,replayed_pf_result
18,1,1,0.000223,0.330423401620472,7.36844185613652e-05,paper_table_4_1_initial_probability + candidate_transition_probability,1,44,0,6254.23,0,1,1,none,replayed_pf_result
18,1,2,0.000223,0.862874003668856,6.3580369252057e-05,paper_table_4_1_initial_probability + candidate_transition_probability,0,43,0,6254.23,0,1,1,none,replayed_pf_result
18,2,1,0.000223,0.330423401620472,7.36844185613652e-05,paper_table_4_1_initial_probability + candidate_transition_probability,1,44,0,6254.23,0,1,1,none,replayed_pf_result
18,2,2,0.000223,0.862874003668856,6.3580369252057e-05,paper_table_4_1_initial_probability + candidate_transition_probability,0,43,0,6254.23,0,1,1,none,replayed_pf_result
18,3,1,0.000223,0.330423401620472,7.36844185613652e-05,paper_table_4_1_initial_probability + candidate_transition_probability,1,44,0,6254.23,0,1,1,none,replayed_pf_result
18,3,2,0.000223,0.862874003668856,6.3580369252057e-05,paper_table_4_1_initial_probability + candidate_transition_probability,0,43,0,6254.23,0,1,1,none,replayed_pf_result
18,4,1,0.000223,0.621830077336347,0.000138668107246005,paper_table_4_1_initial_probability + candidate_transition_probability,0,45,0,6254.23,0,1,1,none,replayed_pf_result
18,5,1,0.000223,0.621830077336347,0.000138668107246005,paper_table_4_1_initial_probability + candidate_transition_probability,0,45,0,6254.23,0,1,1,none,replayed_pf_result
19,1,1,0.000685,0.461482789739087,0.000316115710971275,paper_table_4_1_initial_probability + candidate_transition_probability,0,45,0,6254.23,0,1,1,none,replayed_pf_result
19,2,1,0.000685,0.150639018741828,0.000103187727838152,paper_table_4_1_initial_probability + candidate_transition_probability,1,44,0,6254.23,0,1,1,none,replayed_pf_result
19,2,2,0.000685,0.482724582774859,4.98112528681577e-05,paper_table_4_1_initial_probability + candidate_transition_probability,3,41,0,6254.23,0,1,1,none,replayed_pf_result
19,2,3,0.000685,0.820547327239066,4.08724904073961e-05,paper_table_4_1_initial_probability + candidate_transition_probability,0,40,8.53,6254.23,0.00136387692809506,1,1,none,replayed_pf_result
19,3,1,0.000685,0.461482789739087,0.000316115710971275,paper_table_4_1_initial_probability + candidate_transition_probability,0,45,0,6254.23,0,1,1,none,replayed_pf_result
19,4,1,0.000685,0.461482789739087,0.000316115710971275,paper_table_4_1_initial_probability + candidate_transition_probability,0,45,0,6254.23,0,1,1,none,replayed_pf_result
19,5,1,0.000685,0.461482789739087,0.000316115710971275,paper_table_4_1_initial_probability + candidate_transition_probability,0,45,0,6254.23,0,1,1,none,replayed_pf_result
20,1,1,0.000553,0.893275364306973,0.000493981276461756,paper_table_4_1_initial_probability + candidate_transition_probability,0,45,0,6254.23,0,1,1,none,replayed_pf_result
20,2,1,0.000553,0.893275364306973,0.000493981276461756,paper_table_4_1_initial_probability + candidate_transition_probability,0,45,0,6254.23,0,1,1,none,replayed_pf_result
20,3,1,0.000553,0.893275364306973,0.000493981276461756,paper_table_4_1_initial_probability + candidate_transition_probability,0,45,0,6254.23,0,1,1,none,replayed_pf_result
20,4,1,0.000553,0.893275364306973,0.000493981276461756,paper_table_4_1_initial_probability + candidate_transition_probability,0,45,0,6254.23,0,1,1,none,replayed_pf_result
20,5,1,0.000553,0.893275364306973,0.000493981276461756,paper_table_4_1_initial_probability + candidate_transition_probability,0,45,0,6254.23,0,1,1,none,replayed_pf_result
21,1,1,0.000427,0.995509885824888,0.000425082721247227,paper_table_4_1_initial_probability + candidate_transition_probability,0,45,0,6254.23,0,1,1,none,replayed_pf_result
21,2,1,0.000427,0.995509885824888,0.000425082721247227,paper_table_4_1_initial_probability + candidate_transition_probability,0,45,0,6254.23,0,1,1,none,replayed_pf_result
21,3,1,0.000427,0.995509885824888,0.000425082721247227,paper_table_4_1_initial_probability + candidate_transition_probability,0,45,0,6254.23,0,1,1,none,replayed_pf_result
21,4,1,0.000427,0.995509885824888,0.000425082721247227,paper_table_4_1_initial_probability + candidate_transition_probability,0,45,0,6254.23,0,1,1,none,replayed_pf_result
21,5,1,0.000427,0.995509885824888,0.000425082721247227,paper_table_4_1_initial_probability + candidate_transition_probability,0,45,0,6254.23,0,1,1,none,replayed_pf_result
22,1,1,0.000414,0.995509885824888,0.000412141092731504,paper_table_4_1_initial_probability + candidate_transition_probability,0,45,0,6254.23,0,1,1,none,replayed_pf_result
22,2,1,0.000414,0.995509885824888,0.000412141092731504,paper_table_4_1_initial_probability + candidate_transition_probability,0,45,0,6254.23,0,1,1,none,replayed_pf_result
22,3,1,0.000414,0.995509885824888,0.000412141092731504,paper_table_4_1_initial_probability + candidate_transition_probability,0,45,0,6254.23,0,1,1,none,replayed_pf_result
22,4,1,0.000414,0.995509885824888,0.000412141092731504,paper_table_4_1_initial_probability + candidate_transition_probability,0,45,0,6254.23,0,1,1,none,replayed_pf_result
22,5,1,0.000414,0.995509885824888,0.000412141092731504,paper_table_4_1_initial_probability + candidate_transition_probability,0,45,0,6254.23,0,1,1,none,replayed_pf_result
23,1,1,0.000434,0.0900420843313134,3.907826459979e-05,paper_table_4_1_initial_probability + candidate_transition_probability,2,43,0,6254.23,0,1,1,none,replayed_pf_result
23,1,2,0.000434,0.819380894584142,3.20199834065717e-05,paper_table_4_1_initial_probability + candidate_transition_probability,0,39,8.53,6254.23,0.00136387692809506,1,1,none,replayed_pf_result
23,2,1,0.000434,0.818810301320954,0.000355363670773294,paper_table_4_1_initial_probability + candidate_transition_probability,1,44,0,6254.23,0,1,1,none,replayed_pf_result
23,2,2,0.000434,0.0775424180092028,2.75557583043875e-05,paper_table_4_1_initial_probability + candidate_transition_probability,1,38,8.53,6254.23,0.00136387692809506,1,1,none,replayed_pf_result
23,2,3,0.000434,0.961607024808117,2.64978107594136e-05,paper_table_4_1_initial_probability + candidate_transition_probability,1,37,320.815,6254.23,0.0512956830816903,1,1,none,replayed_after_load_shedding
23,2,4,0.000434,0.0501206286204206,1.32808693232676e-06,paper_table_4_1_initial_probability + candidate_transition_probability,4,33,320.815,6254.23,0.0512956830816903,1,1,none,replayed_pf_result
23,2,5,0.000434,0,0,paper_table_4_1_initial_probability + candidate_transition_probability,0,18,3272.085,6254.23,0.523179512106207,1,1,none,replayed_pf_result
23,3,1,0.000434,0.818810301320954,0.000355363670773294,paper_table_4_1_initial_probability + candidate_transition_probability,1,44,0,6254.23,0,1,1,none,replayed_pf_result
23,3,2,0.000434,0.819380894584142,0.000291178202460926,paper_table_4_1_initial_probability + candidate_transition_probability,0,39,8.53,6254.23,0.00136387692809506,1,1,none,replayed_pf_result
23,4,1,0.000434,0.818810301320954,0.000355363670773294,paper_table_4_1_initial_probability + candidate_transition_probability,1,44,0,6254.23,0,1,1,none,replayed_pf_result
23,4,2,0.000434,0.819380894584142,0.000291178202460926,paper_table_4_1_initial_probability + candidate_transition_probability,0,39,8.53,6254.23,0.00136387692809506,1,1,none,replayed_pf_result
23,5,1,0.000434,0.818810301320954,0.000355363670773294,paper_table_4_1_initial_probability + candidate_transition_probability,1,44,0,6254.23,0,1,1,none,replayed_pf_result
23,5,2,0.000434,0.819380894584142,0.000291178202460926,paper_table_4_1_initial_probability + candidate_transition_probability,0,39,8.53,6254.23,0.00136387692809506,1,1,none,replayed_pf_result
24,1,1,0.000377,0.995509885824888,0.000375307226955983,paper_table_4_1_initial_probability + candidate_transition_probability,0,45,0,6254.23,0,1,1,none,replayed_pf_result
24,2,1,0.000377,0.995509885824888,0.000375307226955983,paper_table_4_1_initial_probability + candidate_transition_probability,0,45,0,6254.23,0,1,1,none,replayed_pf_result
24,3,1,0.000377,0.995509885824888,0.000375307226955983,paper_table_4_1_initial_probability + candidate_transition_probability,0,45,0,6254.23,0,1,1,none,replayed_pf_result
24,4,1,0.000377,0.995509885824888,0.000375307226955983,paper_table_4_1_initial_probability + candidate_transition_probability,0,45,0,6254.23,0,1,1,none,replayed_pf_result
24,5,1,0.000377,0.995509885824888,0.000375307226955983,paper_table_4_1_initial_probability + candidate_transition_probability,0,45,0,6254.23,0,1,1,none,replayed_pf_result
25,1,1,0.000468,0.995509885824888,0.000465898626566047,paper_table_4_1_initial_probability + candidate_transition_probability,0,45,0,6254.23,0,1,1,none,replayed_pf_result
25,2,1,0.000468,0.995509885824888,0.000465898626566047,paper_table_4_1_initial_probability + candidate_transition_probability,0,45,0,6254.23,0,1,1,none,replayed_pf_result
25,3,1,0.000468,0.995509885824888,0.000465898626566047,paper_table_4_1_initial_probability + candidate_transition_probability,0,45,0,6254.23,0,1,1,none,replayed_pf_result
25,4,1,0.000468,0.995509885824888,0.000465898626566047,paper_table_4_1_initial_probability + candidate_transition_probability,0,45,0,6254.23,0,1,1,none,replayed_pf_result
25,5,1,0.000468,0.995509885824888,0.000465898626566047,paper_table_4_1_initial_probability + candidate_transition_probability,0,45,0,6254.23,0,1,1,none,replayed_pf_result
26,1,1,0.000306,0.979748287620264,0.000299802976011801,paper_table_4_1_initial_probability + candidate_transition_probability,0,45,0,6254.23,0,1,1,none,replayed_pf_result
26,2,1,0.000306,0.979748287620264,0.000299802976011801,paper_table_4_1_initial_probability + candidate_transition_probability,0,45,0,6254.23,0,1,1,none,replayed_pf_result
26,3,1,0.000306,0.979748287620264,0.000299802976011801,paper_table_4_1_initial_probability + candidate_transition_probability,0,45,0,6254.23,0,1,1,none,replayed_pf_result
26,4,1,0.000306,0.979748287620264,0.000299802976011801,paper_table_4_1_initial_probability + candidate_transition_probability,0,45,0,6254.23,0,1,1,none,replayed_pf_result
26,5,1,0.000306,0.979748287620264,0.000299802976011801,paper_table_4_1_initial_probability + candidate_transition_probability,0,45,0,6254.23,0,1,1,none,replayed_pf_result
27,1,1,1.1e-05,0.884579082458709,9.7303699070458e-06,paper_table_4_1_initial_probability + candidate_transition_probability,0,42,680,6254.23,0.10872641396303,1,1,none,replayed_pf_result
27,2,1,1.1e-05,0.884579082458709,9.7303699070458e-06,paper_table_4_1_initial_probability + candidate_transition_probability,0,42,680,6254.23,0.10872641396303,1,1,none,replayed_pf_result
27,3,1,1.1e-05,0.884579082458709,9.7303699070458e-06,paper_table_4_1_initial_probability + candidate_transition_probability,0,42,680,6254.23,0.10872641396303,1,1,none,replayed_pf_result
27,4,1,1.1e-05,0.884579082458709,9.7303699070458e-06,paper_table_4_1_initial_probability + candidate_transition_probability,0,42,680,6254.23,0.10872641396303,1,1,none,replayed_pf_result
27,5,1,1.1e-05,0.884579082458709,9.7303699070458e-06,paper_table_4_1_initial_probability + candidate_transition_probability,0,42,680,6254.23,0.10872641396303,1,1,none,replayed_pf_result
28,1,1,0.000473,0.521924733157742,0.000246870398783612,paper_table_4_1_initial_probability + candidate_transition_probability,0,45,0,6254.23,0,1,1,none,replayed_pf_result
28,2,1,0.000473,0.521924733157742,0.000246870398783612,paper_table_4_1_initial_probability + candidate_transition_probability,0,45,0,6254.23,0,1,1,none,replayed_pf_result
28,3,1,0.000473,0.473684713611823,0.000224052869538392,paper_table_4_1_initial_probability + candidate_transition_probability,1,44,0,6254.23,0,1,1,none,replayed_pf_result
28,3,2,0.000473,0.643908582282023,0.000144269565580685,paper_table_4_1_initial_probability + candidate_transition_probability,0,40,521.5,6254.23,0.0833835660025295,1,1,none,replayed_pf_result
28,4,1,0.000473,0.521924733157742,0.000246870398783612,paper_table_4_1_initial_probability + candidate_transition_probability,0,45,0,6254.23,0,1,1,none,replayed_pf_result
28,5,1,0.000473,0.521924733157742,0.000246870398783612,paper_table_4_1_initial_probability + candidate_transition_probability,0,45,0,6254.23,0,1,1,none,replayed_pf_result
29,1,1,0.0006,0.995509885824888,0.000597305931494933,paper_table_4_1_initial_probability + candidate_transition_probability,0,45,0,6254.23,0,1,1,none,replayed_pf_result
29,2,1,0.0006,0.995509885824888,0.000597305931494933,paper_table_4_1_initial_probability + candidate_transition_probability,0,45,0,6254.23,0,1,1,none,replayed_pf_result
29,3,1,0.0006,0.995509885824888,0.000597305931494933,paper_table_4_1_initial_probability + candidate_transition_probability,0,45,0,6254.23,0,1,1,none,replayed_pf_result
29,4,1,0.0006,0.995509885824888,0.000597305931494933,paper_table_4_1_initial_probability + candidate_transition_probability,0,45,0,6254.23,0,1,1,none,replayed_pf_result
29,5,1,0.0006,0.995509885824888,0.000597305931494933,paper_table_4_1_initial_probability + candidate_transition_probability,0,45,0,6254.23,0,1,1,none,replayed_pf_result
30,1,1,0.00065,0.990929903826164,0.000644104437487006,paper_table_4_1_initial_probability + candidate_transition_probability,0,45,0,6254.23,0,1,1,none,replayed_pf_result
30,2,1,0.00065,0.990929903826164,0.000644104437487006,paper_table_4_1_initial_probability + candidate_transition_probability,0,45,0,6254.23,0,1,1,none,replayed_pf_result
30,3,1,0.00065,0.990929903826164,0.000644104437487006,paper_table_4_1_initial_probability + candidate_transition_probability,0,45,0,6254.23,0,1,1,none,replayed_pf_result
30,4,1,0.00065,0.990929903826164,0.000644104437487006,paper_table_4_1_initial_probability + candidate_transition_probability,0,45,0,6254.23,0,1,1,none,replayed_pf_result
30,5,1,0.00065,0.990929903826164,0.000644104437487006,paper_table_4_1_initial_probability + candidate_transition_probability,0,45,0,6254.23,0,1,1,none,replayed_pf_result
31,1,1,0.000582,0.995509885824888,0.000579386753550085,paper_table_4_1_initial_probability + candidate_transition_probability,0,45,0,6254.23,0,1,1,none,replayed_pf_result
31,2,1,0.000582,0.995509885824888,0.000579386753550085,paper_table_4_1_initial_probability + candidate_transition_probability,0,45,0,6254.23,0,1,1,none,replayed_pf_result
31,3,1,0.000582,0.995509885824888,0.000579386753550085,paper_table_4_1_initial_probability + candidate_transition_probability,0,45,0,6254.23,0,1,1,none,replayed_pf_result
31,4,1,0.000582,0.995509885824888,0.000579386753550085,paper_table_4_1_initial_probability + candidate_transition_probability,0,45,0,6254.23,0,1,1,none,replayed_pf_result
31,5,1,0.000582,0.995509885824888,0.000579386753550085,paper_table_4_1_initial_probability + candidate_transition_probability,0,45,0,6254.23,0,1,1,none,replayed_pf_result
32,1,1,0.000515,0.797100768333604,0.000410506895691806,paper_table_4_1_initial_probability + candidate_transition_probability,0,44,680,6254.23,0.10872641396303,1,1,none,replayed_pf_result
32,2,1,0.000515,0.797100768333604,0.000410506895691806,paper_table_4_1_initial_probability + candidate_transition_probability,0,44,680,6254.23,0.10872641396303,1,1,none,replayed_pf_result
32,3,1,0.000515,0.797100768333604,0.000410506895691806,paper_table_4_1_initial_probability + candidate_transition_probability,0,44,680,6254.23,0.10872641396303,1,1,none,replayed_pf_result
32,4,1,0.000515,0.198608249337728,0.00010228324840893,paper_table_4_1_initial_probability + candidate_transition_probability,1,43,680,6254.23,0.10872641396303,1,1,none,replayed_pf_result
32,4,2,0.000515,0.884579082458709,9.04776220284676e-05,paper_table_4_1_initial_probability + candidate_transition_probability,0,42,680,6254.23,0.10872641396303,1,1,none,replayed_pf_result
32,5,1,0.000515,0.797100768333604,0.000410506895691806,paper_table_4_1_initial_probability + candidate_transition_probability,0,44,680,6254.23,0.10872641396303,1,1,none,replayed_pf_result
33,1,1,2.5e-05,0.0564205431040174,1.41051357760044e-06,paper_table_4_1_initial_probability + candidate_transition_probability,1,44,0,6254.23,0,1,1,none,replayed_pf_result
33,1,2,2.5e-05,0.967034808290907,1.36401572710656e-06,paper_table_4_1_initial_probability + candidate_transition_probability,1,43,9.2,6254.23,0.0014710044242057,1,1,none,replayed_pf_result
33,1,3,2.5e-05,0.270442699700688,3.68888095672895e-07,paper_table_4_1_initial_probability + candidate_transition_probability,7,36,9.2,6254.23,0.0014710044242057,1,1,none,replayed_pf_result
33,1,4,2.5e-05,1,3.68888095672895e-07,paper_table_4_1_initial_probability + candidate_transition_probability (no_candidate_table_transition_probability_set_to_1),0,0,3521.829,6254.23,0.563111526119123,0,0,nonconverged_power_flow,invalid_nonconverged
33,2,1,2.5e-05,0.068389881138678,1.70974702846695e-06,paper_table_4_1_initial_probability + candidate_transition_probability,1,44,0,6254.23,0,1,1,none,replayed_pf_result
33,2,2,2.5e-05,0.513471465253425,8.77906311919614e-07,paper_table_4_1_initial_probability + candidate_transition_probability,3,41,0,6254.23,0,1,1,none,replayed_pf_result
33,2,3,2.5e-05,0.68380224749199,6.00314309178036e-07,paper_table_4_1_initial_probability + candidate_transition_probability,3,33,945.385,6254.23,0.151159295388881,1,1,none,replayed_after_load_shedding
33,2,4,2.5e-05,0.790993162160361,4.74844513706847e-07,paper_table_4_1_initial_probability + candidate_transition_probability,4,28,1407.04975,6254.23,0.224975696448644,1,1,none,replayed_after_load_shedding
33,2,5,2.5e-05,0,0,paper_table_4_1_initial_probability + candidate_transition_probability,0,17,3719.40675,6254.23,0.594702585290276,1,1,none,replayed_pf_result
33,3,1,2.5e-05,0.711314002962413,1.77828500740603e-05,paper_table_4_1_initial_probability + candidate_transition_probability,0,45,0,6254.23,0,1,1,none,replayed_pf_result
33,4,1,2.5e-05,0.711314002962413,1.77828500740603e-05,paper_table_4_1_initial_probability + candidate_transition_probability,0,45,0,6254.23,0,1,1,none,replayed_pf_result
33,5,1,2.5e-05,0.711314002962413,1.77828500740603e-05,paper_table_4_1_initial_probability + candidate_transition_probability,0,45,0,6254.23,0,1,1,none,replayed_pf_result
34,1,1,2.5e-05,0.058238224319058,1.45595560797645e-06,paper_table_4_1_initial_probability + candidate_transition_probability,1,44,0,6254.23,0,1,1,none,replayed_pf_result
34,1,2,2.5e-05,0.326245099883738,4.74998382750565e-07,paper_table_4_1_initial_probability + candidate_transition_probability,4,40,0,6254.23,0,1,1,none,replayed_pf_result
34,1,3,2.5e-05,0.620785927170781,2.94872311440431e-07,paper_table_4_1_initial_probability + candidate_transition_probability,2,34,945.385,6254.23,0.151159295388881,1,1,none,replayed_after_load_shedding
34,1,4,2.5e-05,6.71546653049978e-07,1.98020513824932e-13,paper_table_4_1_initial_probability + candidate_transition_probability,5,28,1483.3075,6254.23,0.23716868423451,1,1,none,replayed_after_load_shedding
34,1,5,2.5e-05,0,0,paper_table_4_1_initial_probability + candidate_transition_probability,0,15,4333.1008,6254.23,0.692827222535788,1,1,none,replayed_after_load_shedding
34,2,1,2.5e-05,0.0374857036620129,9.37142591550324e-07,paper_table_4_1_initial_probability + candidate_transition_probability,1,44,0,6254.23,0,1,1,none,replayed_pf_result
34,2,2,2.5e-05,0.290784710326123,2.72506737018233e-07,paper_table_4_1_initial_probability + candidate_transition_probability,2,42,0,6254.23,0,1,1,none,replayed_pf_result
34,2,3,2.5e-05,0.45582120816384,1.24214350100437e-07,paper_table_4_1_initial_probability + candidate_transition_probability,3,39,625.423,6254.23,0.1,1,1,none,replayed_after_load_shedding
34,2,4,2.5e-05,0.672792287803394,8.35704567820848e-08,paper_table_4_1_initial_probability + candidate_transition_probability,4,32,1195.213,6254.23,0.191104740311757,1,1,none,replayed_after_load_shedding
34,2,5,2.5e-05,0,0,paper_table_4_1_initial_probability + candidate_transition_probability,0,17,3711.559,6254.23,0.59344779453266,1,1,none,replayed_pf_result
34,3,1,2.5e-05,0.782433409456673,1.95608352364168e-05,paper_table_4_1_initial_probability + candidate_transition_probability,0,45,0,6254.23,0,1,1,none,replayed_pf_result
34,4,1,2.5e-05,0.782433409456673,1.95608352364168e-05,paper_table_4_1_initial_probability + candidate_transition_probability,0,45,0,6254.23,0,1,1,none,replayed_pf_result
34,5,1,2.5e-05,0.782433409456673,1.95608352364168e-05,paper_table_4_1_initial_probability + candidate_transition_probability,0,45,0,6254.23,0,1,1,none,replayed_pf_result
35,1,1,0.000514,0.274249668131295,0.000140964329419486,paper_table_4_1_initial_probability + candidate_transition_probability,2,43,0,6254.23,0,1,1,none,replayed_pf_result
35,1,2,0.000514,0.594580969532535,8.38147076557414e-05,paper_table_4_1_initial_probability + candidate_transition_probability,4,37,247.5,6254.23,0.0395732168468381,1,1,none,replayed_pf_result
35,1,3,0.000514,0.151919172693768,1.27330610466302e-05,paper_table_4_1_initial_probability + candidate_transition_probability,6,31,556.5765,6254.23,0.0889920102074916,1,1,none,replayed_after_load_shedding
35,1,4,0.000514,1,1.27330610466302e-05,paper_table_4_1_initial_probability + candidate_transition_probability (no_candidate_table_transition_probability_set_to_1),0,0,4029.7385,6254.23,0.644322082814351,0,0,nonconverged_power_flow,invalid_nonconverged
35,2,1,0.000514,0.603532963726505,0.000310215943355424,paper_table_4_1_initial_probability + candidate_transition_probability,1,44,0,6254.23,0,1,1,none,replayed_pf_result
35,2,2,0.000514,0.594580969532535,0.000184448496364718,paper_table_4_1_initial_probability + candidate_transition_probability,4,37,247.5,6254.23,0.0395732168468381,1,1,none,replayed_pf_result
35,2,3,0.000514,0.00672085352601776,1.23965132716149e-06,paper_table_4_1_initial_probability + candidate_transition_probability,8,29,556.5765,6254.23,0.0889920102074916,1,1,none,replayed_after_load_shedding
35,2,4,0.000514,1,1.23965132716149e-06,paper_table_4_1_initial_probability + candidate_transition_probability (no_candidate_table_transition_probability_set_to_1),0,0,4029.7385,6254.23,0.644322082814351,0,0,nonconverged_power_flow,invalid_nonconverged
35,3,1,0.000514,0.603532963726505,0.000310215943355424,paper_table_4_1_initial_probability + candidate_transition_probability,1,44,0,6254.23,0,1,1,none,replayed_pf_result
35,3,2,0.000514,0.12164966222812,3.77376647269649e-05,paper_table_4_1_initial_probability + candidate_transition_probability,3,38,247.5,6254.23,0.0395732168468381,1,1,none,replayed_pf_result
35,3,3,0.000514,0.252868115007002,9.54265214427385e-06,paper_table_4_1_initial_probability + candidate_transition_probability,6,32,556.5765,6254.23,0.0889920102074916,1,1,none,replayed_after_load_shedding
35,3,4,0.000514,1,9.54265214427385e-06,paper_table_4_1_initial_probability + candidate_transition_probability (no_candidate_table_transition_probability_set_to_1),0,0,4029.7385,6254.23,0.644322082814351,0,0,nonconverged_power_flow,invalid_nonconverged
35,4,1,0.000514,0.603532963726505,0.000310215943355424,paper_table_4_1_initial_probability + candidate_transition_probability,1,44,0,6254.23,0,1,1,none,replayed_pf_result
35,4,2,0.000514,0.594580969532535,0.000184448496364718,paper_table_4_1_initial_probability + candidate_transition_probability,4,37,247.5,6254.23,0.0395732168468381,1,1,none,replayed_pf_result
35,4,3,0.000514,0.00233369605863186,4.30446728986914e-07,paper_table_4_1_initial_probability + candidate_transition_probability,9,28,556.5765,6254.23,0.0889920102074916,1,1,none,replayed_after_load_shedding
35,4,4,0.000514,0.8931607331637,3.84458116049868e-07,paper_table_4_1_initial_probability + candidate_transition_probability,0,6,4747.19275,6254.23,0.759037123674697,1,1,none,replayed_after_load_shedding
35,5,1,0.000514,0.603532963726505,0.000310215943355424,paper_table_4_1_initial_probability + candidate_transition_probability,1,44,0,6254.23,0,1,1,none,replayed_pf_result
35,5,2,0.000514,0.594580969532535,0.000184448496364718,paper_table_4_1_initial_probability + candidate_transition_probability,4,37,247.5,6254.23,0.0395732168468381,1,1,none,replayed_pf_result
35,5,3,0.000514,0.151919172693768,2.80212629723373e-05,paper_table_4_1_initial_probability + candidate_transition_probability,6,31,556.5765,6254.23,0.0889920102074916,1,1,none,replayed_after_load_shedding
35,5,4,0.000514,1,2.80212629723373e-05,paper_table_4_1_initial_probability + candidate_transition_probability (no_candidate_table_transition_probability_set_to_1),0,0,4029.7385,6254.23,0.644322082814351,0,0,nonconverged_power_flow,invalid_nonconverged
36,1,1,0.000582,0.995509885824888,0.000579386753550085,paper_table_4_1_initial_probability + candidate_transition_probability,0,45,0,6254.23,0,1,1,none,replayed_pf_result
36,2,1,0.000582,0.995509885824888,0.000579386753550085,paper_table_4_1_initial_probability + candidate_transition_probability,0,45,0,6254.23,0,1,1,none,replayed_pf_result
36,3,1,0.000582,0.995509885824888,0.000579386753550085,paper_table_4_1_initial_probability + candidate_transition_probability,0,45,0,6254.23,0,1,1,none,replayed_pf_result
36,4,1,0.000582,0.995509885824888,0.000579386753550085,paper_table_4_1_initial_probability + candidate_transition_probability,0,45,0,6254.23,0,1,1,none,replayed_pf_result
36,5,1,0.000582,0.995509885824888,0.000579386753550085,paper_table_4_1_initial_probability + candidate_transition_probability,0,45,0,6254.23,0,1,1,none,replayed_pf_result
37,1,1,0.000502,0.695118068002511,0.000348949270137261,paper_table_4_1_initial_probability + candidate_transition_probability,0,45,0,6254.23,0,1,1,none,replayed_pf_result
37,2,1,0.000502,0.695118068002511,0.000348949270137261,paper_table_4_1_initial_probability + candidate_transition_probability,0,45,0,6254.23,0,1,1,none,replayed_pf_result
37,3,1,0.000502,0.695118068002511,0.000348949270137261,paper_table_4_1_initial_probability + candidate_transition_probability,0,45,0,6254.23,0,1,1,none,replayed_pf_result
37,4,1,0.000502,0.0548779094068334,2.75487105222304e-05,paper_table_4_1_initial_probability + candidate_transition_probability,1,44,0,6254.23,0,1,1,none,replayed_pf_result
37,4,2,0.000502,0.535899103687709,1.47633292766154e-05,paper_table_4_1_initial_probability + candidate_transition_probability,3,41,0,6254.23,0,1,1,none,replayed_pf_result
37,4,3,0.000502,0.376026629665576,5.55140495052882e-06,paper_table_4_1_initial_probability + candidate_transition_probability,3,38,625.423,6254.23,0.1,1,1,none,replayed_after_load_shedding
37,4,4,0.000502,0.877134369594763,4.86932808164734e-06,paper_table_4_1_initial_probability + candidate_transition_probability,6,29,1476.2695,6254.23,0.236043365849993,1,1,none,replayed_after_load_shedding
37,4,5,0.000502,0,0,paper_table_4_1_initial_probability + candidate_transition_probability,0,12,4573.4485,6254.23,0.731256845367056,1,1,none,replayed_pf_result
37,5,1,0.000502,0.695118068002511,0.000348949270137261,paper_table_4_1_initial_probability + candidate_transition_probability,0,45,0,6254.23,0,1,1,none,replayed_pf_result
38,1,1,0.000377,0.370724355474212,0.000139763082013778,paper_table_4_1_initial_probability + candidate_transition_probability,0,45,0,6254.23,0,1,1,none,replayed_pf_result
38,2,1,0.000377,0.370724355474212,0.000139763082013778,paper_table_4_1_initial_probability + candidate_transition_probability,0,45,0,6254.23,0,1,1,none,replayed_pf_result
38,3,1,0.000377,0.410544788612798,0.000154775385307025,paper_table_4_1_initial_probability + candidate_transition_probability,1,44,0,6254.23,0,1,1,none,replayed_pf_result
38,3,2,0.000377,0.643908582282023,9.96611989252001e-05,paper_table_4_1_initial_probability + candidate_transition_probability,0,40,521.5,6254.23,0.0833835660025295,1,1,none,replayed_pf_result
38,4,1,0.000377,0.410544788612798,0.000154775385307025,paper_table_4_1_initial_probability + candidate_transition_probability,1,44,0,6254.23,0,1,1,none,replayed_pf_result
38,4,2,0.000377,0.0644282650126567,9.97190954199704e-06,paper_table_4_1_initial_probability + candidate_transition_probability,1,39,521.5,6254.23,0.0833835660025295,1,1,none,replayed_pf_result
38,4,3,0.000377,0.136730032966356,1.36345952041477e-06,paper_table_4_1_initial_probability + candidate_transition_probability,2,37,521.5,6254.23,0.0833835660025295,1,1,none,replayed_pf_result
38,4,4,0.000377,0.489364029835715,6.67228045428045e-07,paper_table_4_1_initial_probability + candidate_transition_probability,7,30,808.1365,6254.23,0.129214387702403,1,1,none,replayed_after_load_shedding
38,4,5,0.000377,0,0,paper_table_4_1_initial_probability + candidate_transition_probability,0,27,2348.875,6254.23,0.375565817055017,1,1,none,replayed_after_load_shedding
38,5,1,0.000377,0.370724355474212,0.000139763082013778,paper_table_4_1_initial_probability + candidate_transition_probability,0,45,0,6254.23,0,1,1,none,replayed_pf_result
39,1,1,0.000445,0.0438749302168983,1.95243439465197e-05,paper_table_4_1_initial_probability + candidate_transition_probability,1,44,0,6254.23,0,1,1,none,replayed_pf_result
39,1,2,0.000445,0.252026516918433,4.92065239995885e-06,paper_table_4_1_initial_probability + candidate_transition_probability,2,42,0,6254.23,0,1,1,none,replayed_pf_result
39,1,3,0.000445,0.428545356195366,2.10872273545395e-06,paper_table_4_1_initial_probability + candidate_transition_probability,3,39,625.423,6254.23,0.1,1,1,none,replayed_after_load_shedding
39,1,4,0.000445,0.721156504068131,1.52071911594896e-06,paper_table_4_1_initial_probability + candidate_transition_probability,5,31,1195.213,6254.23,0.191104740311757,1,1,none,replayed_after_load_shedding
39,1,5,0.000445,0,0,paper_table_4_1_initial_probability + candidate_transition_probability,0,13,4859.9203,6254.23,0.7770613328899,1,1,none,replayed_after_load_shedding
39,2,1,0.000445,0.0621407468894506,2.76526323658055e-05,paper_table_4_1_initial_probability + candidate_transition_probability,1,44,0,6254.23,0,1,1,none,replayed_pf_result
39,2,2,0.000445,0.586970394777412,1.62312765363915e-05,paper_table_4_1_initial_probability + candidate_transition_probability,3,41,0,6254.23,0,1,1,none,replayed_pf_result
39,2,3,0.000445,0.457608118598448,7.42756391826923e-06,paper_table_4_1_initial_probability + candidate_transition_probability,3,33,945.385,6254.23,0.151159295388881,1,1,none,replayed_after_load_shedding
39,2,4,0.000445,0.687626270579031,5.10738807660685e-06,paper_table_4_1_initial_probability + candidate_transition_probability,5,27,1407.04975,6254.23,0.224975696448644,1,1,none,replayed_after_load_shedding
39,2,5,0.000445,0,0,paper_table_4_1_initial_probability + candidate_transition_probability,0,13,4864.223725,6254.23,0.777749415195796,1,1,none,replayed_after_load_shedding
39,3,1,0.000445,0.765136036198157,0.00034048553610818,paper_table_4_1_initial_probability + candidate_transition_probability,0,45,0,6254.23,0,1,1,none,replayed_pf_result
39,4,1,0.000445,0.765136036198157,0.00034048553610818,paper_table_4_1_initial_probability + candidate_transition_probability,0,45,0,6254.23,0,1,1,none,replayed_pf_result
39,5,1,0.000445,0.765136036198157,0.00034048553610818,paper_table_4_1_initial_probability + candidate_transition_probability,0,45,0,6254.23,0,1,1,none,replayed_pf_result
40,1,1,0.00049,0.944771355491433,0.000462937964190802,paper_table_4_1_initial_probability + candidate_transition_probability,0,45,0,6254.23,0,1,1,none,replayed_pf_result
40,2,1,0.00049,0.944771355491433,0.000462937964190802,paper_table_4_1_initial_probability + candidate_transition_probability,0,45,0,6254.23,0,1,1,none,replayed_pf_result
40,3,1,0.00049,0.944771355491433,0.000462937964190802,paper_table_4_1_initial_probability + candidate_transition_probability,0,45,0,6254.23,0,1,1,none,replayed_pf_result
40,4,1,0.00049,0.944771355491433,0.000462937964190802,paper_table_4_1_initial_probability + candidate_transition_probability,0,45,0,6254.23,0,1,1,none,replayed_pf_result
40,5,1,0.00049,0.944771355491433,0.000462937964190802,paper_table_4_1_initial_probability + candidate_transition_probability,0,45,0,6254.23,0,1,1,none,replayed_pf_result
41,1,1,0.000457,0.827731313072455,0.000378273210074112,paper_table_4_1_initial_probability + candidate_transition_probability,0,45,0,6254.23,0,1,1,none,replayed_pf_result
41,2,1,0.000457,0.827731313072455,0.000378273210074112,paper_table_4_1_initial_probability + candidate_transition_probability,0,45,0,6254.23,0,1,1,none,replayed_pf_result
41,3,1,0.000457,0.827731313072455,0.000378273210074112,paper_table_4_1_initial_probability + candidate_transition_probability,0,45,0,6254.23,0,1,1,none,replayed_pf_result
41,4,1,0.000457,0.827731313072455,0.000378273210074112,paper_table_4_1_initial_probability + candidate_transition_probability,0,45,0,6254.23,0,1,1,none,replayed_pf_result
41,5,1,0.000457,0.827731313072455,0.000378273210074112,paper_table_4_1_initial_probability + candidate_transition_probability,0,45,0,6254.23,0,1,1,none,replayed_pf_result
42,1,1,0.000603,0.11431808092066,6.89338027951578e-05,paper_table_4_1_initial_probability + candidate_transition_probability,1,44,0,6254.23,0,1,1,none,replayed_pf_result
42,1,2,0.000603,0.668561239877311,4.60864686661887e-05,paper_table_4_1_initial_probability + candidate_transition_probability,1,43,0,6254.23,0,1,1,none,replayed_pf_result
42,1,3,0.000603,0.0217943898655492,1.00442646563733e-06,paper_table_4_1_initial_probability + candidate_transition_probability,2,33,852.5,6254.23,0.136307746916887,1,1,none,replayed_pf_result
42,1,4,0.000603,0.419750462414497,4.21608473412629e-07,paper_table_4_1_initial_probability + candidate_transition_probability,0,30,2719.8325,6254.23,0.434878873978092,1,1,none,replayed_after_load_shedding
42,2,1,0.000603,0.87669555084302,0.000528647417158341,paper_table_4_1_initial_probability + candidate_transition_probability,0,45,0,6254.23,0,1,1,none,replayed_pf_result
42,3,1,0.000603,0.11431808092066,6.89338027951578e-05,paper_table_4_1_initial_probability + candidate_transition_probability,1,44,0,6254.23,0,1,1,none,replayed_pf_result
42,3,2,0.000603,0.668561239877311,4.60864686661887e-05,paper_table_4_1_initial_probability + candidate_transition_probability,1,43,0,6254.23,0,1,1,none,replayed_pf_result
42,3,3,0.000603,0.464517026020907,2.14079493646237e-05,paper_table_4_1_initial_probability + candidate_transition_probability,1,34,852.5,6254.23,0.136307746916887,1,1,none,replayed_pf_result
42,3,4,0.000603,0.314270422544962,6.72788529264144e-06,paper_table_4_1_initial_probability + candidate_transition_probability,0,34,1400.953,6254.23,0.224000876206983,1,1,none,replayed_after_load_shedding
42,4,1,0.000603,0.87669555084302,0.000528647417158341,paper_table_4_1_initial_probability + candidate_transition_probability,0,45,0,6254.23,0,1,1,none,replayed_pf_result
42,5,1,0.000603,0.11431808092066,6.89338027951578e-05,paper_table_4_1_initial_probability + candidate_transition_probability,1,44,0,6254.23,0,1,1,none,replayed_pf_result
42,5,2,0.000603,0.668561239877311,4.60864686661887e-05,paper_table_4_1_initial_probability + candidate_transition_probability,1,43,0,6254.23,0,1,1,none,replayed_pf_result
42,5,3,0.000603,0.464517026020907,2.14079493646237e-05,paper_table_4_1_initial_probability + candidate_transition_probability,1,34,852.5,6254.23,0.136307746916887,1,1,none,replayed_pf_result
42,5,4,0.000603,0.314270422544962,6.72788529264144e-06,paper_table_4_1_initial_probability + candidate_transition_probability,0,34,1400.953,6254.23,0.224000876206983,1,1,none,replayed_after_load_shedding
43,1,1,0.000477,0.995509885824888,0.000474858215538471,paper_table_4_1_initial_probability + candidate_transition_probability,0,45,0,6254.23,0,1,1,none,replayed_pf_result
43,2,1,0.000477,0.995509885824888,0.000474858215538471,paper_table_4_1_initial_probability + candidate_transition_probability,0,45,0,6254.23,0,1,1,none,replayed_pf_result
43,3,1,0.000477,0.995509885824888,0.000474858215538471,paper_table_4_1_initial_probability + candidate_transition_probability,0,45,0,6254.23,0,1,1,none,replayed_pf_result
43,4,1,0.000477,0.995509885824888,0.000474858215538471,paper_table_4_1_initial_probability + candidate_transition_probability,0,45,0,6254.23,0,1,1,none,replayed_pf_result
43,5,1,0.000477,0.995509885824888,0.000474858215538471,paper_table_4_1_initial_probability + candidate_transition_probability,0,45,0,6254.23,0,1,1,none,replayed_pf_result
44,1,1,2.5e-05,0.995509885824888,2.48877471456222e-05,paper_table_4_1_initial_probability + candidate_transition_probability,0,45,0,6254.23,0,1,1,none,replayed_pf_result
44,2,1,2.5e-05,0.995509885824888,2.48877471456222e-05,paper_table_4_1_initial_probability + candidate_transition_probability,0,45,0,6254.23,0,1,1,none,replayed_pf_result
44,3,1,2.5e-05,0.995509885824888,2.48877471456222e-05,paper_table_4_1_initial_probability + candidate_transition_probability,0,45,0,6254.23,0,1,1,none,replayed_pf_result
44,4,1,2.5e-05,0.995509885824888,2.48877471456222e-05,paper_table_4_1_initial_probability + candidate_transition_probability,0,45,0,6254.23,0,1,1,none,replayed_pf_result
44,5,1,2.5e-05,0.995509885824888,2.48877471456222e-05,paper_table_4_1_initial_probability + candidate_transition_probability,0,45,0,6254.23,0,1,1,none,replayed_pf_result
45,1,1,0.000452,0.995509885824888,0.000449970468392849,paper_table_4_1_initial_probability + candidate_transition_probability,0,45,0,6254.23,0,1,1,none,replayed_pf_result
45,2,1,0.000452,0.995509885824888,0.000449970468392849,paper_table_4_1_initial_probability + candidate_transition_probability,0,45,0,6254.23,0,1,1,none,replayed_pf_result
45,3,1,0.000452,0.995509885824888,0.000449970468392849,paper_table_4_1_initial_probability + candidate_transition_probability,0,45,0,6254.23,0,1,1,none,replayed_pf_result
45,4,1,0.000452,0.995509885824888,0.000449970468392849,paper_table_4_1_initial_probability + candidate_transition_probability,0,45,0,6254.23,0,1,1,none,replayed_pf_result
45,5,1,0.000452,0.995509885824888,0.000449970468392849,paper_table_4_1_initial_probability + candidate_transition_probability,0,45,0,6254.23,0,1,1,none,replayed_pf_result
46,1,1,0.000414,0.0410719998670544,1.70038079449605e-05,paper_table_4_1_initial_probability + candidate_transition_probability,2,43,0,6254.23,0,1,1,none,replayed_pf_result
46,1,2,0.000414,0.0575867166637271,9.79193470330873e-07,paper_table_4_1_initial_probability + candidate_transition_probability,2,41,9.2,6254.23,0.0014710044242057,1,1,none,replayed_pf_result
46,1,3,0.000414,0.310219903466659,3.03765303841226e-07,paper_table_4_1_initial_probability + candidate_transition_probability,7,34,321.4515,6254.23,0.0513974542029954,1,1,none,replayed_after_load_shedding
46,1,4,0.000414,1,3.03765303841226e-07,paper_table_4_1_initial_probability + candidate_transition_probability (no_candidate_table_transition_probability_set_to_1),0,0,3561.911,6254.23,0.569520308655102,0,0,nonconverged_power_flow,invalid_nonconverged
46,2,1,0.000414,0.152348229234834,6.30721669032214e-05,paper_table_4_1_initial_probability + candidate_transition_probability,1,44,0,6254.23,0,1,1,none,replayed_pf_result
46,2,2,0.000414,0.116932151088946,7.3751641498347e-06,paper_table_4_1_initial_probability + candidate_transition_probability,4,40,0,6254.23,0,1,1,none,replayed_pf_result
46,2,3,0.000414,0.231636713939364,1.70835878843112e-06,paper_table_4_1_initial_probability + candidate_transition_probability,7,33,9.2,6254.23,0.0014710044242057,1,1,none,replayed_pf_result
46,2,4,0.000414,0,0,paper_table_4_1_initial_probability + candidate_transition_probability,0,21,3592.78,6254.23,0.574456008173668,1,1,none,replayed_after_load_shedding
46,3,1,0.000414,0.152348229234834,6.30721669032214e-05,paper_table_4_1_initial_probability + candidate_transition_probability,1,44,0,6254.23,0,1,1,none,replayed_pf_result
46,3,2,0.000414,0.354533174654439,2.23611755645337e-05,paper_table_4_1_initial_probability + candidate_transition_probability,4,40,0,6254.23,0,1,1,none,replayed_pf_result
46,3,3,0.000414,0.058705003177409,1.31271288256655e-06,paper_table_4_1_initial_probability + candidate_transition_probability,2,34,945.385,6254.23,0.151159295388881,1,1,none,replayed_after_load_shedding
46,3,4,0.000414,0.902759856789261,1.1850644938712e-06,paper_table_4_1_initial_probability + candidate_transition_probability,1,33,1370.385,6254.23,0.219113304115774,1,1,none,replayed_pf_result
46,3,5,0.000414,0,0,paper_table_4_1_initial_probability + candidate_transition_probability,0,21,3539.551,6254.23,0.565945128337141,1,1,none,replayed_after_load_shedding
46,4,1,0.000414,0.458600208950463,0.000189860486505492,paper_table_4_1_initial_probability + candidate_transition_probability,0,45,0,6254.23,0,1,1,none,replayed_pf_result
46,5,1,0.000414,0.013295629221295,5.50439049761612e-06,paper_table_4_1_initial_probability + candidate_transition_probability,2,43,0,6254.23,0,1,1,none,replayed_pf_result
46,5,2,0.000414,0.420911869788604,2.31686329639823e-06,paper_table_4_1_initial_probability + candidate_transition_probability,4,39,312.7115,6254.23,0.05,1,1,none,replayed_after_load_shedding
46,5,3,0.000414,0.659565894222434,1.52812401188003e-06,paper_table_4_1_initial_probability + candidate_transition_probability,3,35,1210.82725,6254.23,0.193601330619437,1,1,none,replayed_after_load_shedding
46,5,4,0.000414,1,1.52812401188003e-06,paper_table_4_1_initial_probability + candidate_transition_probability (no_candidate_table_transition_probability_set_to_1),0,0,4350.12885,6254.23,0.69554986784944,0,0,nonconverged_power_flow,invalid_nonconverged
